"연도","시도군","분기","주중/말","시간대","성별","인구수"
"2024","거제시","1분기","평일","새벽","여","13377818"
"2024","거제시","1분기","평일","새벽","남","14779832"
"2024","거제시","1분기","평일","야간","여","13335206"
"2024","거제시","1분기","평일","야간","남","14814852"
"2024","거제시","1분기","평일","오전","여","13204265"
"2024","거제시","1분기","평일","오전","남","14910191"
"2024","거제시","1분기","평일","오후","여","13136646"
"2024","거제시","1분기","평일","오후","남","14828517"
"2024","거제시","1분기","주말","새벽","여","5393717"
"2024","거제시","1분기","주말","새벽","남","5938793"
"2024","거제시","1분기","주말","야간","남","5891469"
"2024","거제시","1분기","주말","야간","여","5343472"
"2024","거제시","1분기","주말","오전","여","5290195"
"2024","거제시","1분기","주말","오전","남","5880903"
"2024","거제시","1분기","주말","오후","여","5220441"
"2024","거제시","1분기","주말","오후","남","5800701"
"2024","거제시","2분기","평일","새벽","여","13198922"
"2024","거제시","2분기","평일","새벽","남","14711839"
"2024","거제시","2분기","평일","야간","여","13147734"
"2024","거제시","2분기","평일","야간","남","14716300"
"2024","거제시","2분기","평일","오전","여","13023112"
"2024","거제시","2분기","평일","오전","남","14774892"
"2024","거제시","2분기","평일","오후","여","12971781"
"2024","거제시","2분기","평일","오후","남","14739553"
"2024","거제시","2분기","주말","새벽","남","5991026"
"2024","거제시","2분기","주말","새벽","여","5402195"
"2024","거제시","2분기","주말","야간","남","5902106"
"2024","거제시","2분기","주말","야간","여","5324317"
"2024","거제시","2분기","주말","오전","남","5923478"
"2024","거제시","2분기","주말","오전","여","5311432"
"2024","거제시","2분기","주말","오후","여","5233126"
"2024","거제시","2분기","주말","오후","남","5833417"
"2024","거제시","3분기","평일","새벽","여","13519528"
"2024","거제시","3분기","평일","새벽","남","15124403"
"2024","거제시","3분기","평일","야간","여","13446948"
"2024","거제시","3분기","평일","야간","남","15103545"
"2024","거제시","3분기","평일","오전","여","13325101"
"2024","거제시","3분기","평일","오전","남","15130096"
"2024","거제시","3분기","평일","오후","여","13245551"
"2024","거제시","3분기","평일","오후","남","15077293"
"2024","거제시","3분기","주말","새벽","여","5536425"
"2024","거제시","3분기","주말","새벽","남","6180054"
"2024","거제시","3분기","주말","야간","여","5461823"
"2024","거제시","3분기","주말","야간","남","6094381"
"2024","거제시","3분기","주말","오전","남","6107545"
"2024","거제시","3분기","주말","오전","여","5441619"
"2024","거제시","3분기","주말","오후","여","5361997"
"2024","거제시","3분기","주말","오후","남","6022417"
"2024","거제시","4분기","평일","새벽","여","13205892"
"2024","거제시","4분기","평일","새벽","남","15125680"
"2024","거제시","4분기","평일","야간","여","13163076"
"2024","거제시","4분기","평일","야간","남","15121009"
"2024","거제시","4분기","평일","오전","여","13050338"
"2024","거제시","4분기","평일","오전","남","15218112"
"2024","거제시","4분기","평일","오후","여","12973252"
"2024","거제시","4분기","평일","오후","남","15164698"
"2024","거제시","4분기","주말","새벽","여","5365562"
"2024","거제시","4분기","주말","새벽","남","6098044"
"2024","거제시","4분기","주말","야간","여","5281966"
"2024","거제시","4분기","주말","야간","남","6007381"
"2024","거제시","4분기","주말","오전","여","5253164"
"2024","거제시","4분기","주말","오전","남","6015071"
"2024","거제시","4분기","주말","오후","여","5127403"
"2024","거제시","4분기","주말","오후","남","5886460"
"2024","거창군","1분기","평일","새벽","남","2290606"
"2024","거창군","1분기","평일","새벽","여","2349448"
"2024","거창군","1분기","평일","야간","남","2309808"
"2024","거창군","1분기","평일","야간","여","2365583"
"2024","거창군","1분기","평일","오전","여","2353925"
"2024","거창군","1분기","평일","오전","남","2309811"
"2024","거창군","1분기","평일","오후","남","2319511"
"2024","거창군","1분기","평일","오후","여","2362896"
"2024","거창군","1분기","주말","새벽","남","955434"
"2024","거창군","1분기","주말","새벽","여","986653"
"2024","거창군","1분기","주말","야간","남","943343"
"2024","거창군","1분기","주말","야간","여","974028"
"2024","거창군","1분기","주말","오전","남","969129"
"2024","거창군","1분기","주말","오전","여","996253"
"2024","거창군","1분기","주말","오후","여","991588"
"2024","거창군","1분기","주말","오후","남","965172"
"2024","거창군","2분기","평일","새벽","여","2403600"
"2024","거창군","2분기","평일","새벽","남","2375469"
"2024","거창군","2분기","평일","야간","여","2405075"
"2024","거창군","2분기","평일","야간","남","2376234"
"2024","거창군","2분기","평일","오전","남","2400450"
"2024","거창군","2분기","평일","오전","여","2413206"
"2024","거창군","2분기","평일","오후","남","2399128"
"2024","거창군","2분기","평일","오후","여","2415975"
"2024","거창군","2분기","주말","새벽","여","1005653"
"2024","거창군","2분기","주말","새벽","남","985945"
"2024","거창군","2분기","주말","야간","남","986094"
"2024","거창군","2분기","주말","야간","여","1005963"
"2024","거창군","2분기","주말","오전","남","1011596"
"2024","거창군","2분기","주말","오전","여","1029228"
"2024","거창군","2분기","주말","오후","남","1012271"
"2024","거창군","2분기","주말","오후","여","1031504"
"2024","거창군","3분기","평일","새벽","여","2479137"
"2024","거창군","3분기","평일","새벽","남","2456705"
"2024","거창군","3분기","평일","야간","여","2475234"
"2024","거창군","3분기","평일","야간","남","2451588"
"2024","거창군","3분기","평일","오전","남","2477427"
"2024","거창군","3분기","평일","오전","여","2490979"
"2024","거창군","3분기","평일","오후","남","2488673"
"2024","거창군","3분기","평일","오후","여","2500091"
"2024","거창군","3분기","주말","새벽","여","1031081"
"2024","거창군","3분기","주말","새벽","남","1020296"
"2024","거창군","3분기","주말","야간","여","1033172"
"2024","거창군","3분기","주말","야간","남","1024525"
"2024","거창군","3분기","주말","오전","여","1071091"
"2024","거창군","3분기","주말","오전","남","1066110"
"2024","거창군","3분기","주말","오후","여","1088943"
"2024","거창군","3분기","주말","오후","남","1079450"
"2024","거창군","4분기","평일","새벽","여","2373290"
"2024","거창군","4분기","평일","새벽","남","2350162"
"2024","거창군","4분기","평일","야간","여","2379607"
"2024","거창군","4분기","평일","야간","남","2351698"
"2024","거창군","4분기","평일","오전","여","2397004"
"2024","거창군","4분기","평일","오전","남","2368352"
"2024","거창군","4분기","평일","오후","여","2409555"
"2024","거창군","4분기","평일","오후","남","2378853"
"2024","거창군","4분기","주말","새벽","남","964220"
"2024","거창군","4분기","주말","새벽","여","988830"
"2024","거창군","4분기","주말","야간","남","961042"
"2024","거창군","4분기","주말","야간","여","978070"
"2024","거창군","4분기","주말","오전","남","992312"
"2024","거창군","4분기","주말","오전","여","1021072"
"2024","거창군","4분기","주말","오후","남","994981"
"2024","거창군","4분기","주말","오후","여","1020910"
"2024","고성군","1분기","평일","새벽","남","2045598"
"2024","고성군","1분기","평일","새벽","여","1770529"
"2024","고성군","1분기","평일","야간","남","2054376"
"2024","고성군","1분기","평일","야간","여","1774684"
"2024","고성군","1분기","평일","오전","남","2375954"
"2024","고성군","1분기","평일","오전","여","1881187"
"2024","고성군","1분기","평일","오후","남","2382450"
"2024","고성군","1분기","평일","오후","여","1902242"
"2024","고성군","1분기","주말","새벽","남","868838"
"2024","고성군","1분기","주말","새벽","여","776752"
"2024","고성군","1분기","주말","야간","남","851284"
"2024","고성군","1분기","주말","야간","여","755557"
"2024","고성군","1분기","주말","오전","여","825379"
"2024","고성군","1분기","주말","오전","남","958226"
"2024","고성군","1분기","주말","오후","남","965355"
"2024","고성군","1분기","주말","오후","여","843774"
"2024","고성군","2분기","평일","새벽","남","2033734"
"2024","고성군","2분기","평일","새벽","여","1754445"
"2024","고성군","2분기","평일","야간","남","2047410"
"2024","고성군","2분기","평일","야간","여","1759626"
"2024","고성군","2분기","평일","오전","남","2395213"
"2024","고성군","2분기","평일","오전","여","1898447"
"2024","고성군","2분기","평일","오후","여","1921510"
"2024","고성군","2분기","평일","오후","남","2394619"
"2024","고성군","2분기","주말","새벽","남","868015"
"2024","고성군","2분기","주말","새벽","여","773739"
"2024","고성군","2분기","주말","야간","여","766254"
"2024","고성군","2분기","주말","야간","남","863174"
"2024","고성군","2분기","주말","오전","여","840497"
"2024","고성군","2분기","주말","오전","남","970292"
"2024","고성군","2분기","주말","오후","남","975337"
"2024","고성군","2분기","주말","오후","여","861461"
"2024","고성군","3분기","평일","새벽","여","1808999"
"2024","고성군","3분기","평일","새벽","남","2099015"
"2024","고성군","3분기","평일","야간","남","2112005"
"2024","고성군","3분기","평일","야간","여","1809780"
"2024","고성군","3분기","평일","오전","남","2424432"
"2024","고성군","3분기","평일","오전","여","1939304"
"2024","고성군","3분기","평일","오후","남","2428845"
"2024","고성군","3분기","평일","오후","여","1962013"
"2024","고성군","3분기","주말","새벽","여","766865"
"2024","고성군","3분기","주말","새벽","남","872869"
"2024","고성군","3분기","주말","야간","남","877680"
"2024","고성군","3분기","주말","야간","여","769290"
"2024","고성군","3분기","주말","오전","남","970334"
"2024","고성군","3분기","주말","오전","여","821156"
"2024","고성군","3분기","주말","오후","여","847125"
"2024","고성군","3분기","주말","오후","남","972581"
"2024","고성군","4분기","평일","새벽","남","2031901"
"2024","고성군","4분기","평일","새벽","여","1723961"
"2024","고성군","4분기","평일","야간","남","2044831"
"2024","고성군","4분기","평일","야간","여","1732450"
"2024","고성군","4분기","평일","오전","남","2384939"
"2024","고성군","4분기","평일","오전","여","1861073"
"2024","고성군","4분기","평일","오후","남","2390634"
"2024","고성군","4분기","평일","오후","여","1887020"
"2024","고성군","4분기","주말","새벽","여","760995"
"2024","고성군","4분기","주말","새벽","남","867300"
"2024","고성군","4분기","주말","야간","남","860787"
"2024","고성군","4분기","주말","야간","여","751219"
"2024","고성군","4분기","주말","오전","남","974467"
"2024","고성군","4분기","주말","오전","여","822779"
"2024","고성군","4분기","주말","오후","남","991689"
"2024","고성군","4분기","주말","오후","여","860281"
"2024","김해시","1분기","평일","새벽","남","20011280"
"2024","김해시","1분기","평일","새벽","여","19011151"
"2024","김해시","1분기","평일","야간","남","19902545"
"2024","김해시","1분기","평일","야간","여","18897671"
"2024","김해시","1분기","평일","오전","남","19705433"
"2024","김해시","1분기","평일","오전","여","18640756"
"2024","김해시","1분기","평일","오후","남","19540409"
"2024","김해시","1분기","평일","오후","여","18487334"
"2024","김해시","1분기","주말","새벽","남","7952994"
"2024","김해시","1분기","주말","새벽","여","7556171"
"2024","김해시","1분기","주말","야간","남","7931902"
"2024","김해시","1분기","주말","야간","여","7551259"
"2024","김해시","1분기","주말","오전","남","7883780"
"2024","김해시","1분기","주말","오전","여","7463173"
"2024","김해시","1분기","주말","오후","남","7879062"
"2024","김해시","1분기","주말","오후","여","7454936"
"2024","김해시","2분기","평일","새벽","남","20014999"
"2024","김해시","2분기","평일","새벽","여","19044369"
"2024","김해시","2분기","평일","야간","남","19861312"
"2024","김해시","2분기","평일","야간","여","18915249"
"2024","김해시","2분기","평일","오전","남","19695525"
"2024","김해시","2분기","평일","오전","여","18687681"
"2024","김해시","2분기","평일","오후","남","19555785"
"2024","김해시","2분기","평일","오후","여","18535028"
"2024","김해시","2분기","주말","새벽","남","7966564"
"2024","김해시","2분기","주말","새벽","여","7570183"
"2024","김해시","2분기","주말","야간","남","7923625"
"2024","김해시","2분기","주말","야간","여","7553891"
"2024","김해시","2분기","주말","오전","남","7919370"
"2024","김해시","2분기","주말","오전","여","7497614"
"2024","김해시","2분기","주말","오후","남","7887623"
"2024","김해시","2분기","주말","오후","여","7465821"
"2024","김해시","3분기","평일","새벽","남","20278437"
"2024","김해시","3분기","평일","새벽","여","19271839"
"2024","김해시","3분기","평일","야간","남","20125473"
"2024","김해시","3분기","평일","야간","여","19143667"
"2024","김해시","3분기","평일","오전","남","20002521"
"2024","김해시","3분기","평일","오전","여","18967383"
"2024","김해시","3분기","평일","오후","남","19920457"
"2024","김해시","3분기","평일","오후","여","18849179"
"2024","김해시","3분기","주말","새벽","남","8075877"
"2024","김해시","3분기","주말","새벽","여","7685234"
"2024","김해시","3분기","주말","야간","남","8027821"
"2024","김해시","3분기","주말","야간","여","7648942"
"2024","김해시","3분기","주말","오전","남","8058809"
"2024","김해시","3분기","주말","오전","여","7647527"
"2024","김해시","3분기","주말","오후","남","8046062"
"2024","김해시","3분기","주말","오후","여","7618167"
"2024","김해시","4분기","평일","새벽","남","20527444"
"2024","김해시","4분기","평일","새벽","여","19448468"
"2024","김해시","4분기","평일","야간","남","20349459"
"2024","김해시","4분기","평일","야간","여","19290459"
"2024","김해시","4분기","평일","오전","남","20112172"
"2024","김해시","4분기","평일","오전","여","19055899"
"2024","김해시","4분기","평일","오후","남","19981327"
"2024","김해시","4분기","평일","오후","여","18873556"
"2024","김해시","4분기","주말","새벽","남","8159918"
"2024","김해시","4분기","주말","새벽","여","7723147"
"2024","김해시","4분기","주말","야간","남","8119308"
"2024","김해시","4분기","주말","야간","여","7701960"
"2024","김해시","4분기","주말","오전","여","7647057"
"2024","김해시","4분기","주말","오전","남","8090735"
"2024","김해시","4분기","주말","오후","남","8074647"
"2024","김해시","4분기","주말","오후","여","7603848"
"2024","남해군","1분기","평일","새벽","남","1953386"
"2024","남해군","1분기","평일","새벽","여","1784579"
"2024","남해군","1분기","평일","야간","남","1958748"
"2024","남해군","1분기","평일","야간","여","1784318"
"2024","남해군","1분기","평일","오전","남","1974733"
"2024","남해군","1분기","평일","오전","여","1777996"
"2024","남해군","1분기","평일","오후","남","1986138"
"2024","남해군","1분기","평일","오후","여","1791769"
"2024","남해군","1분기","주말","새벽","남","884658"
"2024","남해군","1분기","주말","새벽","여","820230"
"2024","남해군","1분기","주말","야간","남","844552"
"2024","남해군","1분기","주말","야간","여","780488"
"2024","남해군","1분기","주말","오전","남","899124"
"2024","남해군","1분기","주말","오전","여","826385"
"2024","남해군","1분기","주말","오후","여","834900"
"2024","남해군","1분기","주말","오후","남","896271"
"2024","남해군","2분기","평일","새벽","남","2008634"
"2024","남해군","2분기","평일","새벽","여","1854054"
"2024","남해군","2분기","평일","야간","남","2004465"
"2024","남해군","2분기","평일","야간","여","1842463"
"2024","남해군","2분기","평일","오전","남","2035871"
"2024","남해군","2분기","평일","오전","여","1858941"
"2024","남해군","2분기","평일","오후","남","2051208"
"2024","남해군","2분기","평일","오후","여","1881012"
"2024","남해군","2분기","주말","새벽","여","851555"
"2024","남해군","2분기","주말","새벽","남","912043"
"2024","남해군","2분기","주말","야간","남","887547"
"2024","남해군","2분기","주말","야간","여","833955"
"2024","남해군","2분기","주말","오전","남","923285"
"2024","남해군","2분기","주말","오전","여","863792"
"2024","남해군","2분기","주말","오후","남","927211"
"2024","남해군","2분기","주말","오후","여","881402"
"2024","남해군","3분기","평일","새벽","남","2159099"
"2024","남해군","3분기","평일","새벽","여","1995385"
"2024","남해군","3분기","평일","야간","남","2132896"
"2024","남해군","3분기","평일","야간","여","1965026"
"2024","남해군","3분기","평일","오전","남","2166053"
"2024","남해군","3분기","평일","오전","여","1983545"
"2024","남해군","3분기","평일","오후","남","2171838"
"2024","남해군","3분기","평일","오후","여","1992674"
"2024","남해군","3분기","주말","새벽","남","946782"
"2024","남해군","3분기","주말","새벽","여","871383"
"2024","남해군","3분기","주말","야간","남","941976"
"2024","남해군","3분기","주말","야간","여","871770"
"2024","남해군","3분기","주말","오전","남","957752"
"2024","남해군","3분기","주말","오전","여","877692"
"2024","남해군","3분기","주말","오후","남","965918"
"2024","남해군","3분기","주말","오후","여","900751"
"2024","남해군","4분기","평일","새벽","남","1980763"
"2024","남해군","4분기","평일","새벽","여","1805256"
"2024","남해군","4분기","평일","야간","남","1975318"
"2024","남해군","4분기","평일","야간","여","1797652"
"2024","남해군","4분기","평일","오전","남","2012812"
"2024","남해군","4분기","평일","오전","여","1803525"
"2024","남해군","4분기","평일","오후","남","2021147"
"2024","남해군","4분기","평일","오후","여","1815277"
"2024","남해군","4분기","주말","새벽","여","807603"
"2024","남해군","4분기","주말","새벽","남","876339"
"2024","남해군","4분기","주말","야간","남","851642"
"2024","남해군","4분기","주말","야간","여","779787"
"2024","남해군","4분기","주말","오전","남","895658"
"2024","남해군","4분기","주말","오전","여","810763"
"2024","남해군","4분기","주말","오후","남","883286"
"2024","남해군","4분기","주말","오후","여","805861"
"2024","밀양시","1분기","평일","새벽","여","4071370"
"2024","밀양시","1분기","평일","새벽","남","4330830"
"2024","밀양시","1분기","평일","야간","남","4406209"
"2024","밀양시","1분기","평일","야간","여","4129121"
"2024","밀양시","1분기","평일","오전","남","4632949"
"2024","밀양시","1분기","평일","오전","여","4202577"
"2024","밀양시","1분기","평일","오후","남","4697147"
"2024","밀양시","1분기","평일","오후","여","4260179"
"2024","밀양시","1분기","주말","새벽","여","1765787"
"2024","밀양시","1분기","주말","새벽","남","1838055"
"2024","밀양시","1분기","주말","야간","여","1759749"
"2024","밀양시","1분기","주말","야간","남","1833271"
"2024","밀양시","1분기","주말","오전","여","1864570"
"2024","밀양시","1분기","주말","오전","남","1975870"
"2024","밀양시","1분기","주말","오후","남","2034291"
"2024","밀양시","1분기","주말","오후","여","1934453"
"2024","밀양시","2분기","평일","새벽","여","4142458"
"2024","밀양시","2분기","평일","새벽","남","4450636"
"2024","밀양시","2분기","평일","야간","남","4528704"
"2024","밀양시","2분기","평일","야간","여","4192948"
"2024","밀양시","2분기","평일","오전","여","4325981"
"2024","밀양시","2분기","평일","오전","남","4821343"
"2024","밀양시","2분기","평일","오후","여","4386417"
"2024","밀양시","2분기","평일","오후","남","4882310"
"2024","밀양시","2분기","주말","새벽","여","1824446"
"2024","밀양시","2분기","주말","새벽","남","1913118"
"2024","밀양시","2분기","주말","야간","남","1931182"
"2024","밀양시","2분기","주말","야간","여","1850068"
"2024","밀양시","2분기","주말","오전","여","1951726"
"2024","밀양시","2분기","주말","오전","남","2068931"
"2024","밀양시","2분기","주말","오후","여","2041682"
"2024","밀양시","2분기","주말","오후","남","2129492"
"2024","밀양시","3분기","평일","새벽","여","4206719"
"2024","밀양시","3분기","평일","새벽","남","4494336"
"2024","밀양시","3분기","평일","야간","여","4240093"
"2024","밀양시","3분기","평일","야간","남","4552579"
"2024","밀양시","3분기","평일","오전","여","4334833"
"2024","밀양시","3분기","평일","오전","남","4821824"
"2024","밀양시","3분기","평일","오후","여","4392248"
"2024","밀양시","3분기","평일","오후","남","4877189"
"2024","밀양시","3분기","주말","새벽","여","1807081"
"2024","밀양시","3분기","주말","새벽","남","1897853"
"2024","밀양시","3분기","주말","야간","여","1822435"
"2024","밀양시","3분기","주말","야간","남","1917744"
"2024","밀양시","3분기","주말","오전","남","2049298"
"2024","밀양시","3분기","주말","오전","여","1911912"
"2024","밀양시","3분기","주말","오후","여","1980545"
"2024","밀양시","3분기","주말","오후","남","2094756"
"2024","밀양시","4분기","평일","새벽","여","4086802"
"2024","밀양시","4분기","평일","새벽","남","4375761"
"2024","밀양시","4분기","평일","야간","남","4437357"
"2024","밀양시","4분기","평일","야간","여","4129339"
"2024","밀양시","4분기","평일","오전","여","4236044"
"2024","밀양시","4분기","평일","오전","남","4748876"
"2024","밀양시","4분기","평일","오후","여","4280831"
"2024","밀양시","4분기","평일","오후","남","4794813"
"2024","밀양시","4분기","주말","새벽","여","1780064"
"2024","밀양시","4분기","주말","새벽","남","1854479"
"2024","밀양시","4분기","주말","야간","남","1853461"
"2024","밀양시","4분기","주말","야간","여","1771760"
"2024","밀양시","4분기","주말","오전","여","1894899"
"2024","밀양시","4분기","주말","오전","남","2009816"
"2024","밀양시","4분기","주말","오후","남","2052381"
"2024","밀양시","4분기","주말","오후","여","1952257"
"2024","사천시","1분기","평일","새벽","남","4359562"
"2024","사천시","1분기","평일","새벽","여","3677134"
"2024","사천시","1분기","평일","야간","남","4424959"
"2024","사천시","1분기","평일","야간","여","3717044"
"2024","사천시","1분기","평일","오전","여","3736811"
"2024","사천시","1분기","평일","오전","남","4690968"
"2024","사천시","1분기","평일","오후","여","3777606"
"2024","사천시","1분기","평일","오후","남","4724924"
"2024","사천시","1분기","주말","새벽","남","1728906"
"2024","사천시","1분기","주말","새벽","여","1527161"
"2024","사천시","1분기","주말","야간","여","1527005"
"2024","사천시","1분기","주말","야간","남","1736126"
"2024","사천시","1분기","주말","오전","여","1560371"
"2024","사천시","1분기","주말","오전","남","1780550"
"2024","사천시","1분기","주말","오후","남","1818163"
"2024","사천시","1분기","주말","오후","여","1609238"
"2024","사천시","2분기","평일","새벽","남","4378934"
"2024","사천시","2분기","평일","새벽","여","3653661"
"2024","사천시","2분기","평일","야간","남","4424157"
"2024","사천시","2분기","평일","야간","여","3684502"
"2024","사천시","2분기","평일","오전","남","4718288"
"2024","사천시","2분기","평일","오전","여","3723334"
"2024","사천시","2분기","평일","오후","남","4737591"
"2024","사천시","2분기","평일","오후","여","3760853"
"2024","사천시","2분기","주말","새벽","남","1734577"
"2024","사천시","2분기","주말","새벽","여","1518984"
"2024","사천시","2분기","주말","야간","여","1531074"
"2024","사천시","2분기","주말","야간","남","1748706"
"2024","사천시","2분기","주말","오전","남","1796227"
"2024","사천시","2분기","주말","오전","여","1566391"
"2024","사천시","2분기","주말","오후","남","1821612"
"2024","사천시","2분기","주말","오후","여","1609682"
"2024","사천시","3분기","평일","새벽","남","4435879"
"2024","사천시","3분기","평일","새벽","여","3739528"
"2024","사천시","3분기","평일","야간","남","4467773"
"2024","사천시","3분기","평일","야간","여","3764430"
"2024","사천시","3분기","평일","오전","여","3810899"
"2024","사천시","3분기","평일","오전","남","4782126"
"2024","사천시","3분기","평일","오후","남","4810795"
"2024","사천시","3분기","평일","오후","여","3853542"
"2024","사천시","3분기","주말","새벽","남","1753589"
"2024","사천시","3분기","주말","새벽","여","1535597"
"2024","사천시","3분기","주말","야간","여","1555138"
"2024","사천시","3분기","주말","야간","남","1767975"
"2024","사천시","3분기","주말","오전","여","1579086"
"2024","사천시","3분기","주말","오전","남","1821704"
"2024","사천시","3분기","주말","오후","남","1849808"
"2024","사천시","3분기","주말","오후","여","1624912"
"2024","사천시","4분기","평일","새벽","남","4390416"
"2024","사천시","4분기","평일","새벽","여","3636530"
"2024","사천시","4분기","평일","야간","남","4407830"
"2024","사천시","4분기","평일","야간","여","3663153"
"2024","사천시","4분기","평일","오전","남","4723944"
"2024","사천시","4분기","평일","오전","여","3700867"
"2024","사천시","4분기","평일","오후","남","4737042"
"2024","사천시","4분기","평일","오후","여","3733186"
"2024","사천시","4분기","주말","새벽","남","1737171"
"2024","사천시","4분기","주말","새벽","여","1514798"
"2024","사천시","4분기","주말","야간","여","1511386"
"2024","사천시","4분기","주말","야간","남","1734216"
"2024","사천시","4분기","주말","오전","남","1795665"
"2024","사천시","4분기","주말","오전","여","1554807"
"2024","사천시","4분기","주말","오후","남","1818684"
"2024","사천시","4분기","주말","오후","여","1587706"
"2024","산청군","1분기","평일","새벽","남","1263797"
"2024","산청군","1분기","평일","새벽","여","1246816"
"2024","산청군","1분기","평일","야간","남","1295229"
"2024","산청군","1분기","평일","야간","여","1268111"
"2024","산청군","1분기","평일","오전","남","1400374"
"2024","산청군","1분기","평일","오전","여","1330890"
"2024","산청군","1분기","평일","오후","남","1443521"
"2024","산청군","1분기","평일","오후","여","1367174"
"2024","산청군","1분기","주말","새벽","남","568994"
"2024","산청군","1분기","주말","새벽","여","566284"
"2024","산청군","1분기","주말","야간","여","556028"
"2024","산청군","1분기","주말","야간","남","557801"
"2024","산청군","1분기","주말","오전","남","626854"
"2024","산청군","1분기","주말","오전","여","613231"
"2024","산청군","1분기","주말","오후","남","644325"
"2024","산청군","1분기","주말","오후","여","637251"
"2024","산청군","2분기","평일","새벽","남","1314899"
"2024","산청군","2분기","평일","새벽","여","1272390"
"2024","산청군","2분기","평일","야간","남","1345319"
"2024","산청군","2분기","평일","야간","여","1293946"
"2024","산청군","2분기","평일","오전","남","1498426"
"2024","산청군","2분기","평일","오전","여","1398766"
"2024","산청군","2분기","평일","오후","남","1535323"
"2024","산청군","2분기","평일","오후","여","1441883"
"2024","산청군","2분기","주말","새벽","남","612333"
"2024","산청군","2분기","주말","새벽","여","599265"
"2024","산청군","2분기","주말","야간","여","598266"
"2024","산청군","2분기","주말","야간","남","608219"
"2024","산청군","2분기","주말","오전","남","700172"
"2024","산청군","2분기","주말","오전","여","684561"
"2024","산청군","2분기","주말","오후","남","723714"
"2024","산청군","2분기","주말","오후","여","721713"
"2024","산청군","3분기","평일","새벽","남","1405164"
"2024","산청군","3분기","평일","새벽","여","1347613"
"2024","산청군","3분기","평일","야간","남","1433385"
"2024","산청군","3분기","평일","야간","여","1368401"
"2024","산청군","3분기","평일","오전","남","1577273"
"2024","산청군","3분기","평일","오전","여","1457700"
"2024","산청군","3분기","평일","오후","남","1629853"
"2024","산청군","3분기","평일","오후","여","1516127"
"2024","산청군","3분기","주말","새벽","남","662272"
"2024","산청군","3분기","주말","새벽","여","629251"
"2024","산청군","3분기","주말","야간","남","657404"
"2024","산청군","3분기","주말","야간","여","630435"
"2024","산청군","3분기","주말","오전","남","771651"
"2024","산청군","3분기","주말","오전","여","723231"
"2024","산청군","3분기","주말","오후","남","811069"
"2024","산청군","3분기","주말","오후","여","777205"
"2024","산청군","4분기","평일","새벽","남","1283976"
"2024","산청군","4분기","평일","새벽","여","1245634"
"2024","산청군","4분기","평일","야간","남","1306623"
"2024","산청군","4분기","평일","야간","여","1266263"
"2024","산청군","4분기","평일","오전","남","1450238"
"2024","산청군","4분기","평일","오전","여","1357844"
"2024","산청군","4분기","평일","오후","남","1481929"
"2024","산청군","4분기","평일","오후","여","1398672"
"2024","산청군","4분기","주말","새벽","남","585370"
"2024","산청군","4분기","주말","새벽","여","578338"
"2024","산청군","4분기","주말","야간","남","573812"
"2024","산청군","4분기","주말","야간","여","569312"
"2024","산청군","4분기","주말","오전","남","668111"
"2024","산청군","4분기","주말","오전","여","652069"
"2024","산청군","4분기","주말","오후","남","682811"
"2024","산청군","4분기","주말","오후","여","676012"
"2024","양산시","1분기","평일","새벽","남","12478938"
"2024","양산시","1분기","평일","새벽","여","12424788"
"2024","양산시","1분기","평일","야간","남","12466966"
"2024","양산시","1분기","평일","야간","여","12380056"
"2024","양산시","1분기","평일","오전","남","12408515"
"2024","양산시","1분기","평일","오전","여","12338069"
"2024","양산시","1분기","평일","오후","남","12376447"
"2024","양산시","1분기","평일","오후","여","12276180"
"2024","양산시","1분기","주말","새벽","남","4985567"
"2024","양산시","1분기","주말","새벽","여","4959198"
"2024","양산시","1분기","주말","야간","남","4951214"
"2024","양산시","1분기","주말","야간","여","4944678"
"2024","양산시","1분기","주말","오전","남","4964666"
"2024","양산시","1분기","주말","오전","여","4934921"
"2024","양산시","1분기","주말","오후","남","4970553"
"2024","양산시","1분기","주말","오후","여","4936922"
"2024","양산시","2분기","평일","새벽","남","12493629"
"2024","양산시","2분기","평일","새벽","여","12441912"
"2024","양산시","2분기","평일","야간","남","12422909"
"2024","양산시","2분기","평일","야간","여","12346831"
"2024","양산시","2분기","평일","오전","남","12396207"
"2024","양산시","2분기","평일","오전","여","12359885"
"2024","양산시","2분기","평일","오후","남","12312181"
"2024","양산시","2분기","평일","오후","여","12243890"
"2024","양산시","2분기","주말","새벽","남","4970189"
"2024","양산시","2분기","주말","새벽","여","4941404"
"2024","양산시","2분기","주말","야간","남","4913618"
"2024","양산시","2분기","주말","야간","여","4907530"
"2024","양산시","2분기","주말","오전","남","4946597"
"2024","양산시","2분기","주말","오전","여","4905300"
"2024","양산시","2분기","주말","오후","남","4884503"
"2024","양산시","2분기","주말","오후","여","4840114"
"2024","양산시","3분기","평일","새벽","남","12631167"
"2024","양산시","3분기","평일","새벽","여","12577841"
"2024","양산시","3분기","평일","야간","남","12557362"
"2024","양산시","3분기","평일","야간","여","12479182"
"2024","양산시","3분기","평일","오전","남","12481219"
"2024","양산시","3분기","평일","오전","여","12481192"
"2024","양산시","3분기","평일","오후","남","12429485"
"2024","양산시","3분기","평일","오후","여","12375471"
"2024","양산시","3분기","주말","새벽","남","5052911"
"2024","양산시","3분기","주말","새벽","여","5021732"
"2024","양산시","3분기","주말","야간","남","4991389"
"2024","양산시","3분기","주말","야간","여","4979246"
"2024","양산시","3분기","주말","오전","남","5046201"
"2024","양산시","3분기","주말","오전","여","5022060"
"2024","양산시","3분기","주말","오후","남","4998704"
"2024","양산시","3분기","주말","오후","여","4956044"
"2024","양산시","4분기","평일","새벽","남","12744310"
"2024","양산시","4분기","평일","새벽","여","12661989"
"2024","양산시","4분기","평일","야간","남","12651121"
"2024","양산시","4분기","평일","야간","여","12544913"
"2024","양산시","4분기","평일","오전","남","12473257"
"2024","양산시","4분기","평일","오전","여","12512693"
"2024","양산시","4분기","평일","오후","남","12396019"
"2024","양산시","4분기","평일","오후","여","12368946"
"2024","양산시","4분기","주말","새벽","남","5084641"
"2024","양산시","4분기","주말","새벽","여","5029659"
"2024","양산시","4분기","주말","야간","남","5019712"
"2024","양산시","4분기","주말","야간","여","4985437"
"2024","양산시","4분기","주말","오전","남","5043192"
"2024","양산시","4분기","주말","오전","여","5000434"
"2024","양산시","4분기","주말","오후","남","4974777"
"2024","양산시","4분기","주말","오후","여","4914597"
"2024","의령군","1분기","평일","새벽","남","1248218"
"2024","의령군","1분기","평일","새벽","여","1098240"
"2024","의령군","1분기","평일","야간","남","1242870"
"2024","의령군","1분기","평일","야간","여","1095143"
"2024","의령군","1분기","평일","오전","남","1321388"
"2024","의령군","1분기","평일","오전","여","1125796"
"2024","의령군","1분기","평일","오후","여","1130932"
"2024","의령군","1분기","평일","오후","남","1328306"
"2024","의령군","1분기","주말","새벽","남","528433"
"2024","의령군","1분기","주말","새벽","여","480179"
"2024","의령군","1분기","주말","야간","여","457620"
"2024","의령군","1분기","주말","야간","남","503659"
"2024","의령군","1분기","주말","오전","여","492622"
"2024","의령군","1분기","주말","오전","남","549626"
"2024","의령군","1분기","주말","오후","남","542062"
"2024","의령군","1분기","주말","오후","여","488662"
"2024","의령군","2분기","평일","새벽","남","1273385"
"2024","의령군","2분기","평일","새벽","여","1106510"
"2024","의령군","2분기","평일","야간","여","1097522"
"2024","의령군","2분기","평일","야간","남","1262458"
"2024","의령군","2분기","평일","오전","여","1169252"
"2024","의령군","2분기","평일","오전","남","1381284"
"2024","의령군","2분기","평일","오후","여","1172613"
"2024","의령군","2분기","평일","오후","남","1380716"
"2024","의령군","2분기","주말","새벽","남","532824"
"2024","의령군","2분기","주말","새벽","여","480241"
"2024","의령군","2분기","주말","야간","여","467799"
"2024","의령군","2분기","주말","야간","남","518183"
"2024","의령군","2분기","주말","오전","여","504500"
"2024","의령군","2분기","주말","오전","남","568510"
"2024","의령군","2분기","주말","오후","여","505223"
"2024","의령군","2분기","주말","오후","남","561760"
"2024","의령군","3분기","평일","새벽","남","1284458"
"2024","의령군","3분기","평일","새벽","여","1121094"
"2024","의령군","3분기","평일","야간","여","1104858"
"2024","의령군","3분기","평일","야간","남","1258410"
"2024","의령군","3분기","평일","오전","여","1164589"
"2024","의령군","3분기","평일","오전","남","1368959"
"2024","의령군","3분기","평일","오후","여","1164105"
"2024","의령군","3분기","평일","오후","남","1355769"
"2024","의령군","3분기","주말","새벽","남","521392"
"2024","의령군","3분기","주말","새벽","여","470261"
"2024","의령군","3분기","주말","야간","남","511234"
"2024","의령군","3분기","주말","야간","여","458780"
"2024","의령군","3분기","주말","오전","남","554672"
"2024","의령군","3분기","주말","오전","여","484995"
"2024","의령군","3분기","주말","오후","남","538344"
"2024","의령군","3분기","주말","오후","여","479678"
"2024","의령군","4분기","평일","새벽","여","1071991"
"2024","의령군","4분기","평일","새벽","남","1241538"
"2024","의령군","4분기","평일","야간","남","1227762"
"2024","의령군","4분기","평일","야간","여","1065318"
"2024","의령군","4분기","평일","오전","여","1128510"
"2024","의령군","4분기","평일","오전","남","1338586"
"2024","의령군","4분기","평일","오후","여","1141576"
"2024","의령군","4분기","평일","오후","남","1341598"
"2024","의령군","4분기","주말","새벽","남","515962"
"2024","의령군","4분기","주말","새벽","여","466346"
"2024","의령군","4분기","주말","야간","여","449237"
"2024","의령군","4분기","주말","야간","남","501762"
"2024","의령군","4분기","주말","오전","여","490281"
"2024","의령군","4분기","주말","오전","남","552588"
"2024","의령군","4분기","주말","오후","여","490835"
"2024","의령군","4분기","주말","오후","남","546003"
"2024","진주시","1분기","평일","새벽","남","11598367"
"2024","진주시","1분기","평일","새벽","여","11353752"
"2024","진주시","1분기","평일","야간","남","11587836"
"2024","진주시","1분기","평일","야간","여","11412155"
"2024","진주시","1분기","평일","오전","남","11045997"
"2024","진주시","1분기","평일","오전","여","11187478"
"2024","진주시","1분기","평일","오후","남","11033740"
"2024","진주시","1분기","평일","오후","여","11204725"
"2024","진주시","1분기","주말","새벽","남","4598425"
"2024","진주시","1분기","주말","새벽","여","4509268"
"2024","진주시","1분기","주말","야간","남","4687365"
"2024","진주시","1분기","주말","야간","여","4537934"
"2024","진주시","1분기","주말","오전","남","4518287"
"2024","진주시","1분기","주말","오전","여","4476451"
"2024","진주시","1분기","주말","오후","남","4552694"
"2024","진주시","1분기","주말","오후","여","4475220"
"2024","진주시","2분기","평일","새벽","남","11827696"
"2024","진주시","2분기","평일","새벽","여","11521861"
"2024","진주시","2분기","평일","야간","남","11721179"
"2024","진주시","2분기","평일","야간","여","11526918"
"2024","진주시","2분기","평일","오전","남","11209462"
"2024","진주시","2분기","평일","오전","여","11324257"
"2024","진주시","2분기","평일","오후","남","11140226"
"2024","진주시","2분기","평일","오후","여","11281594"
"2024","진주시","2분기","주말","새벽","남","4627520"
"2024","진주시","2분기","주말","새벽","여","4528338"
"2024","진주시","2분기","주말","야간","남","4715837"
"2024","진주시","2분기","주말","야간","여","4548814"
"2024","진주시","2분기","주말","오전","남","4564130"
"2024","진주시","2분기","주말","오전","여","4511334"
"2024","진주시","2분기","주말","오후","남","4578897"
"2024","진주시","2분기","주말","오후","여","4482202"
"2024","진주시","3분기","평일","새벽","남","11537026"
"2024","진주시","3분기","평일","새벽","여","11296869"
"2024","진주시","3분기","평일","야간","남","11443291"
"2024","진주시","3분기","평일","야간","여","11289858"
"2024","진주시","3분기","평일","오전","남","10989292"
"2024","진주시","3분기","평일","오전","여","11133974"
"2024","진주시","3분기","평일","오후","남","10927257"
"2024","진주시","3분기","평일","오후","여","11090651"
"2024","진주시","3분기","주말","새벽","남","4542232"
"2024","진주시","3분기","주말","새벽","여","4466661"
"2024","진주시","3분기","주말","야간","남","4613302"
"2024","진주시","3분기","주말","야간","여","4476034"
"2024","진주시","3분기","주말","오전","여","4449075"
"2024","진주시","3분기","주말","오전","남","4486043"
"2024","진주시","3분기","주말","오후","남","4480141"
"2024","진주시","3분기","주말","오후","여","4404788"
"2024","진주시","4분기","평일","새벽","남","11746758"
"2024","진주시","4분기","평일","새벽","여","11439862"
"2024","진주시","4분기","평일","야간","남","11676686"
"2024","진주시","4분기","평일","야간","여","11448642"
"2024","진주시","4분기","평일","오전","남","11140543"
"2024","진주시","4분기","평일","오전","여","11251790"
"2024","진주시","4분기","평일","오후","남","11099329"
"2024","진주시","4분기","평일","오후","여","11216302"
"2024","진주시","4분기","주말","새벽","남","4626339"
"2024","진주시","4분기","주말","새벽","여","4522674"
"2024","진주시","4분기","주말","야간","남","4744645"
"2024","진주시","4분기","주말","야간","여","4586135"
"2024","진주시","4분기","주말","오전","여","4515429"
"2024","진주시","4분기","주말","오전","남","4571859"
"2024","진주시","4분기","주말","오후","남","4607424"
"2024","진주시","4분기","주말","오후","여","4521416"
"2024","창녕군","1분기","평일","새벽","남","2449650"
"2024","창녕군","1분기","평일","새벽","여","2068968"
"2024","창녕군","1분기","평일","야간","남","2505609"
"2024","창녕군","1분기","평일","야간","여","2095862"
"2024","창녕군","1분기","평일","오전","남","2729502"
"2024","창녕군","1분기","평일","오전","여","2180689"
"2024","창녕군","1분기","평일","오후","남","2795887"
"2024","창녕군","1분기","평일","오후","여","2211127"
"2024","창녕군","1분기","주말","새벽","남","1023236"
"2024","창녕군","1분기","주말","새벽","여","899175"
"2024","창녕군","1분기","주말","야간","남","1018568"
"2024","창녕군","1분기","주말","야간","여","891111"
"2024","창녕군","1분기","주말","오전","남","1108491"
"2024","창녕군","1분기","주말","오전","여","956922"
"2024","창녕군","1분기","주말","오후","남","1140426"
"2024","창녕군","1분기","주말","오후","여","991344"
"2024","창녕군","2분기","평일","새벽","남","2518143"
"2024","창녕군","2분기","평일","새벽","여","2128319"
"2024","창녕군","2분기","평일","야간","남","2572434"
"2024","창녕군","2분기","평일","야간","여","2147584"
"2024","창녕군","2분기","평일","오전","남","2874297"
"2024","창녕군","2분기","평일","오전","여","2323740"
"2024","창녕군","2분기","평일","오후","남","2929990"
"2024","창녕군","2분기","평일","오후","여","2362631"
"2024","창녕군","2분기","주말","새벽","남","1044861"
"2024","창녕군","2분기","주말","새벽","여","917620"
"2024","창녕군","2분기","주말","야간","남","1062444"
"2024","창녕군","2분기","주말","야간","여","938191"
"2024","창녕군","2분기","주말","오전","남","1168757"
"2024","창녕군","2분기","주말","오전","여","1022760"
"2024","창녕군","2분기","주말","오후","남","1209182"
"2024","창녕군","2분기","주말","오후","여","1076564"
"2024","창녕군","3분기","평일","새벽","남","2486087"
"2024","창녕군","3분기","평일","새벽","여","2112670"
"2024","창녕군","3분기","평일","야간","남","2534178"
"2024","창녕군","3분기","평일","야간","여","2128226"
"2024","창녕군","3분기","평일","오전","남","2801004"
"2024","창녕군","3분기","평일","오전","여","2255182"
"2024","창녕군","3분기","평일","오후","남","2841382"
"2024","창녕군","3분기","평일","오후","여","2273107"
"2024","창녕군","3분기","주말","새벽","남","1009613"
"2024","창녕군","3분기","주말","새벽","여","886010"
"2024","창녕군","3분기","주말","야간","남","1022386"
"2024","창녕군","3분기","주말","야간","여","896551"
"2024","창녕군","3분기","주말","오전","여","939917"
"2024","창녕군","3분기","주말","오전","남","1102804"
"2024","창녕군","3분기","주말","오후","여","953467"
"2024","창녕군","3분기","주말","오후","남","1104121"
"2024","창녕군","4분기","평일","새벽","남","2471305"
"2024","창녕군","4분기","평일","새벽","여","2053630"
"2024","창녕군","4분기","평일","야간","남","2508543"
"2024","창녕군","4분기","평일","야간","여","2072976"
"2024","창녕군","4분기","평일","오전","남","2795589"
"2024","창녕군","4분기","평일","오전","여","2225682"
"2024","창녕군","4분기","평일","오후","남","2836497"
"2024","창녕군","4분기","평일","오후","여","2248970"
"2024","창녕군","4분기","주말","새벽","여","877003"
"2024","창녕군","4분기","주말","새벽","남","1007694"
"2024","창녕군","4분기","주말","야간","남","1013981"
"2024","창녕군","4분기","주말","야간","여","881072"
"2024","창녕군","4분기","주말","오전","남","1110397"
"2024","창녕군","4분기","주말","오전","여","955813"
"2024","창녕군","4분기","주말","오후","남","1126657"
"2024","창녕군","4분기","주말","오후","여","979008"
"2024","창원시 마산합포구","1분기","평일","새벽","여","7020783"
"2024","창원시 마산합포구","1분기","평일","새벽","남","6899798"
"2024","창원시 마산합포구","1분기","평일","야간","남","6797556"
"2024","창원시 마산합포구","1분기","평일","야간","여","7016341"
"2024","창원시 마산합포구","1분기","평일","오전","남","6182349"
"2024","창원시 마산합포구","1분기","평일","오전","여","6833296"
"2024","창원시 마산합포구","1분기","평일","오후","여","6866109"
"2024","창원시 마산합포구","1분기","평일","오후","남","6175964"
"2024","창원시 마산합포구","1분기","주말","새벽","남","2787382"
"2024","창원시 마산합포구","1분기","주말","새벽","여","2828659"
"2024","창원시 마산합포구","1분기","주말","야간","남","2791017"
"2024","창원시 마산합포구","1분기","주말","야간","여","2839253"
"2024","창원시 마산합포구","1분기","주말","오전","남","2705299"
"2024","창원시 마산합포구","1분기","주말","오전","여","2812341"
"2024","창원시 마산합포구","1분기","주말","오후","여","2863914"
"2024","창원시 마산합포구","1분기","주말","오후","남","2743564"
"2024","창원시 마산합포구","2분기","평일","새벽","여","7070746"
"2024","창원시 마산합포구","2분기","평일","새벽","남","6927243"
"2024","창원시 마산합포구","2분기","평일","야간","여","7055760"
"2024","창원시 마산합포구","2분기","평일","야간","남","6805315"
"2024","창원시 마산합포구","2분기","평일","오전","남","6158713"
"2024","창원시 마산합포구","2분기","평일","오전","여","6858908"
"2024","창원시 마산합포구","2분기","평일","오후","남","6171262"
"2024","창원시 마산합포구","2분기","평일","오후","여","6897358"
"2024","창원시 마산합포구","2분기","주말","새벽","여","2835868"
"2024","창원시 마산합포구","2분기","주말","새벽","남","2787188"
"2024","창원시 마산합포구","2분기","주말","야간","여","2850977"
"2024","창원시 마산합포구","2분기","주말","야간","남","2796003"
"2024","창원시 마산합포구","2분기","주말","오전","남","2695644"
"2024","창원시 마산합포구","2분기","주말","오전","여","2811304"
"2024","창원시 마산합포구","2분기","주말","오후","남","2743286"
"2024","창원시 마산합포구","2분기","주말","오후","여","2866769"
"2024","창원시 마산합포구","3분기","평일","새벽","여","7117453"
"2024","창원시 마산합포구","3분기","평일","새벽","남","6934421"
"2024","창원시 마산합포구","3분기","평일","야간","여","7077669"
"2024","창원시 마산합포구","3분기","평일","야간","남","6810944"
"2024","창원시 마산합포구","3분기","평일","오전","여","6886113"
"2024","창원시 마산합포구","3분기","평일","오전","남","6169720"
"2024","창원시 마산합포구","3분기","평일","오후","여","6896972"
"2024","창원시 마산합포구","3분기","평일","오후","남","6176067"
"2024","창원시 마산합포구","3분기","주말","새벽","여","2859472"
"2024","창원시 마산합포구","3분기","주말","새벽","남","2794003"
"2024","창원시 마산합포구","3분기","주말","야간","여","2869225"
"2024","창원시 마산합포구","3분기","주말","야간","남","2802638"
"2024","창원시 마산합포구","3분기","주말","오전","여","2839464"
"2024","창원시 마산합포구","3분기","주말","오전","남","2700012"
"2024","창원시 마산합포구","3분기","주말","오후","여","2879601"
"2024","창원시 마산합포구","3분기","주말","오후","남","2742603"
"2024","창원시 마산합포구","4분기","평일","새벽","여","7119845"
"2024","창원시 마산합포구","4분기","평일","새벽","남","6983334"
"2024","창원시 마산합포구","4분기","평일","야간","남","6854286"
"2024","창원시 마산합포구","4분기","평일","야간","여","7062620"
"2024","창원시 마산합포구","4분기","평일","오전","남","6173099"
"2024","창원시 마산합포구","4분기","평일","오전","여","6860928"
"2024","창원시 마산합포구","4분기","평일","오후","여","6860084"
"2024","창원시 마산합포구","4분기","평일","오후","남","6175906"
"2024","창원시 마산합포구","4분기","주말","새벽","여","2857635"
"2024","창원시 마산합포구","4분기","주말","새벽","남","2812839"
"2024","창원시 마산합포구","4분기","주말","야간","여","2866554"
"2024","창원시 마산합포구","4분기","주말","야간","남","2822545"
"2024","창원시 마산합포구","4분기","주말","오전","여","2829103"
"2024","창원시 마산합포구","4분기","주말","오전","남","2714575"
"2024","창원시 마산합포구","4분기","주말","오후","여","2884684"
"2024","창원시 마산합포구","4분기","주말","오후","남","2776385"
"2024","창원시 마산회원구","1분기","평일","새벽","여","7649573"
"2024","창원시 마산회원구","1분기","평일","새벽","남","7213371"
"2024","창원시 마산회원구","1분기","평일","야간","여","7564444"
"2024","창원시 마산회원구","1분기","평일","야간","남","7114122"
"2024","창원시 마산회원구","1분기","평일","오전","여","7423985"
"2024","창원시 마산회원구","1분기","평일","오전","남","6577819"
"2024","창원시 마산회원구","1분기","평일","오후","여","7275945"
"2024","창원시 마산회원구","1분기","평일","오후","남","6498775"
"2024","창원시 마산회원구","1분기","주말","새벽","여","3045059"
"2024","창원시 마산회원구","1분기","주말","새벽","남","2904608"
"2024","창원시 마산회원구","1분기","주말","야간","남","2896437"
"2024","창원시 마산회원구","1분기","주말","야간","여","3013621"
"2024","창원시 마산회원구","1분기","주말","오전","여","2965952"
"2024","창원시 마산회원구","1분기","주말","오전","남","2784206"
"2024","창원시 마산회원구","1분기","주말","오후","남","2735523"
"2024","창원시 마산회원구","1분기","주말","오후","여","2860761"
"2024","창원시 마산회원구","2분기","평일","새벽","여","7495281"
"2024","창원시 마산회원구","2분기","평일","새벽","남","7051407"
"2024","창원시 마산회원구","2분기","평일","야간","남","6982974"
"2024","창원시 마산회원구","2분기","평일","야간","여","7439096"
"2024","창원시 마산회원구","2분기","평일","오전","남","6360227"
"2024","창원시 마산회원구","2분기","평일","오전","여","7247197"
"2024","창원시 마산회원구","2분기","평일","오후","남","6304787"
"2024","창원시 마산회원구","2분기","평일","오후","여","7106710"
"2024","창원시 마산회원구","2분기","주말","새벽","남","2824051"
"2024","창원시 마산회원구","2분기","주말","새벽","여","2972094"
"2024","창원시 마산회원구","2분기","주말","야간","남","2829391"
"2024","창원시 마산회원구","2분기","주말","야간","여","2950326"
"2024","창원시 마산회원구","2분기","주말","오전","남","2700393"
"2024","창원시 마산회원구","2분기","주말","오전","여","2881834"
"2024","창원시 마산회원구","2분기","주말","오후","여","2805357"
"2024","창원시 마산회원구","2분기","주말","오후","남","2691316"
"2024","창원시 마산회원구","3분기","평일","새벽","여","7421747"
"2024","창원시 마산회원구","3분기","평일","새벽","남","7007515"
"2024","창원시 마산회원구","3분기","평일","야간","여","7402159"
"2024","창원시 마산회원구","3분기","평일","야간","남","6971850"
"2024","창원시 마산회원구","3분기","평일","오전","여","7221213"
"2024","창원시 마산회원구","3분기","평일","오전","남","6411991"
"2024","창원시 마산회원구","3분기","평일","오후","여","7118102"
"2024","창원시 마산회원구","3분기","평일","오후","남","6388548"
"2024","창원시 마산회원구","3분기","주말","새벽","여","2949891"
"2024","창원시 마산회원구","3분기","주말","새벽","남","2802619"
"2024","창원시 마산회원구","3분기","주말","야간","여","2954287"
"2024","창원시 마산회원구","3분기","주말","야간","남","2828296"
"2024","창원시 마산회원구","3분기","주말","오전","여","2878345"
"2024","창원시 마산회원구","3분기","주말","오전","남","2698613"
"2024","창원시 마산회원구","3분기","주말","오후","여","2824812"
"2024","창원시 마산회원구","3분기","주말","오후","남","2696696"
"2024","창원시 마산회원구","4분기","평일","새벽","여","7396399"
"2024","창원시 마산회원구","4분기","평일","새벽","남","6983310"
"2024","창원시 마산회원구","4분기","평일","야간","여","7339815"
"2024","창원시 마산회원구","4분기","평일","야간","남","6900380"
"2024","창원시 마산회원구","4분기","평일","오전","여","7198776"
"2024","창원시 마산회원구","4분기","평일","오전","남","6332160"
"2024","창원시 마산회원구","4분기","평일","오후","남","6288732"
"2024","창원시 마산회원구","4분기","평일","오후","여","7066182"
"2024","창원시 마산회원구","4분기","주말","새벽","여","2927652"
"2024","창원시 마산회원구","4분기","주말","새벽","남","2795541"
"2024","창원시 마산회원구","4분기","주말","야간","여","2899376"
"2024","창원시 마산회원구","4분기","주말","야간","남","2794366"
"2024","창원시 마산회원구","4분기","주말","오전","여","2856860"
"2024","창원시 마산회원구","4분기","주말","오전","남","2685515"
"2024","창원시 마산회원구","4분기","주말","오후","남","2631989"
"2024","창원시 마산회원구","4분기","주말","오후","여","2733947"
"2024","창원시 성산구","1분기","평일","새벽","여","9231319"
"2024","창원시 성산구","1분기","평일","새벽","남","9726904"
"2024","창원시 성산구","1분기","평일","야간","여","9450930"
"2024","창원시 성산구","1분기","평일","야간","남","10136976"
"2024","창원시 성산구","1분기","평일","오전","여","9568951"
"2024","창원시 성산구","1분기","평일","오전","남","11098997"
"2024","창원시 성산구","1분기","평일","오후","남","11167733"
"2024","창원시 성산구","1분기","평일","오후","여","9711204"
"2024","창원시 성산구","1분기","주말","새벽","여","3626495"
"2024","창원시 성산구","1분기","주말","새벽","남","3776414"
"2024","창원시 성산구","1분기","주말","야간","여","3652512"
"2024","창원시 성산구","1분기","주말","야간","남","3798701"
"2024","창원시 성산구","1분기","주말","오전","남","3761777"
"2024","창원시 성산구","1분기","주말","오전","여","3573938"
"2024","창원시 성산구","1분기","주말","오후","남","3753967"
"2024","창원시 성산구","1분기","주말","오후","여","3590224"
"2024","창원시 성산구","2분기","평일","새벽","여","9093148"
"2024","창원시 성산구","2분기","평일","새벽","남","9620736"
"2024","창원시 성산구","2분기","평일","야간","여","9264291"
"2024","창원시 성산구","2분기","평일","야간","남","9983250"
"2024","창원시 성산구","2분기","평일","오전","남","11036454"
"2024","창원시 성산구","2분기","평일","오전","여","9396699"
"2024","창원시 성산구","2분기","평일","오후","남","11063111"
"2024","창원시 성산구","2분기","평일","오후","여","9484770"
"2024","창원시 성산구","2분기","주말","새벽","여","3591470"
"2024","창원시 성산구","2분기","주말","새벽","남","3742652"
"2024","창원시 성산구","2분기","주말","야간","남","3729100"
"2024","창원시 성산구","2분기","주말","야간","여","3578135"
"2024","창원시 성산구","2분기","주말","오전","남","3741473"
"2024","창원시 성산구","2분기","주말","오전","여","3532349"
"2024","창원시 성산구","2분기","주말","오후","남","3714605"
"2024","창원시 성산구","2분기","주말","오후","여","3530000"
"2024","창원시 성산구","3분기","평일","새벽","여","9117742"
"2024","창원시 성산구","3분기","평일","새벽","남","9577236"
"2024","창원시 성산구","3분기","평일","야간","여","9267021"
"2024","창원시 성산구","3분기","평일","야간","남","9886185"
"2024","창원시 성산구","3분기","평일","오전","남","10898374"
"2024","창원시 성산구","3분기","평일","오전","여","9434450"
"2024","창원시 성산구","3분기","평일","오후","남","10927772"
"2024","창원시 성산구","3분기","평일","오후","여","9540639"
"2024","창원시 성산구","3분기","주말","새벽","여","3614391"
"2024","창원시 성산구","3분기","주말","새벽","남","3743527"
"2024","창원시 성산구","3분기","주말","야간","남","3719997"
"2024","창원시 성산구","3분기","주말","야간","여","3591783"
"2024","창원시 성산구","3분기","주말","오전","여","3566316"
"2024","창원시 성산구","3분기","주말","오전","남","3738502"
"2024","창원시 성산구","3분기","주말","오후","남","3720844"
"2024","창원시 성산구","3분기","주말","오후","여","3564016"
"2024","창원시 성산구","4분기","평일","새벽","여","9105017"
"2024","창원시 성산구","4분기","평일","새벽","남","9648336"
"2024","창원시 성산구","4분기","평일","야간","여","9271027"
"2024","창원시 성산구","4분기","평일","야간","남","10001474"
"2024","창원시 성산구","4분기","평일","오전","남","11108970"
"2024","창원시 성산구","4분기","평일","오전","여","9429485"
"2024","창원시 성산구","4분기","평일","오후","남","11123683"
"2024","창원시 성산구","4분기","평일","오후","여","9525732"
"2024","창원시 성산구","4분기","주말","새벽","여","3589964"
"2024","창원시 성산구","4분기","주말","새벽","남","3751645"
"2024","창원시 성산구","4분기","주말","야간","여","3590346"
"2024","창원시 성산구","4분기","주말","야간","남","3751157"
"2024","창원시 성산구","4분기","주말","오전","여","3538257"
"2024","창원시 성산구","4분기","주말","오전","남","3761065"
"2024","창원시 성산구","4분기","주말","오후","여","3556731"
"2024","창원시 성산구","4분기","주말","오후","남","3740409"
"2024","창원시 의창구","1분기","평일","새벽","남","8495384"
"2024","창원시 의창구","1분기","평일","새벽","여","8428915"
"2024","창원시 의창구","1분기","평일","야간","남","8544610"
"2024","창원시 의창구","1분기","평일","야간","여","8463869"
"2024","창원시 의창구","1분기","평일","오전","남","8374620"
"2024","창원시 의창구","1분기","평일","오전","여","8397435"
"2024","창원시 의창구","1분기","평일","오후","남","8410865"
"2024","창원시 의창구","1분기","평일","오후","여","8412196"
"2024","창원시 의창구","1분기","주말","새벽","남","3354115"
"2024","창원시 의창구","1분기","주말","새벽","여","3337588"
"2024","창원시 의창구","1분기","주말","야간","남","3391450"
"2024","창원시 의창구","1분기","주말","야간","여","3356854"
"2024","창원시 의창구","1분기","주말","오전","여","3321017"
"2024","창원시 의창구","1분기","주말","오전","남","3345863"
"2024","창원시 의창구","1분기","주말","오후","여","3288906"
"2024","창원시 의창구","1분기","주말","오후","남","3341773"
"2024","창원시 의창구","2분기","평일","새벽","남","8572223"
"2024","창원시 의창구","2분기","평일","새벽","여","8460205"
"2024","창원시 의창구","2분기","평일","야간","남","8590122"
"2024","창원시 의창구","2분기","평일","야간","여","8481403"
"2024","창원시 의창구","2분기","평일","오전","남","8412334"
"2024","창원시 의창구","2분기","평일","오전","여","8435138"
"2024","창원시 의창구","2분기","평일","오후","남","8435443"
"2024","창원시 의창구","2분기","평일","오후","여","8436786"
"2024","창원시 의창구","2분기","주말","새벽","남","3364158"
"2024","창원시 의창구","2분기","주말","새벽","여","3338714"
"2024","창원시 의창구","2분기","주말","야간","남","3385488"
"2024","창원시 의창구","2분기","주말","야간","여","3342900"
"2024","창원시 의창구","2분기","주말","오전","남","3369140"
"2024","창원시 의창구","2분기","주말","오전","여","3347158"
"2024","창원시 의창구","2분기","주말","오후","여","3285749"
"2024","창원시 의창구","2분기","주말","오후","남","3341304"
"2024","창원시 의창구","3분기","평일","새벽","남","8650838"
"2024","창원시 의창구","3분기","평일","새벽","여","8525445"
"2024","창원시 의창구","3분기","평일","야간","남","8655984"
"2024","창원시 의창구","3분기","평일","야간","여","8556759"
"2024","창원시 의창구","3분기","평일","오전","남","8499486"
"2024","창원시 의창구","3분기","평일","오전","여","8537503"
"2024","창원시 의창구","3분기","평일","오후","남","8503211"
"2024","창원시 의창구","3분기","평일","오후","여","8527596"
"2024","창원시 의창구","3분기","주말","새벽","남","3413153"
"2024","창원시 의창구","3분기","주말","새벽","여","3386334"
"2024","창원시 의창구","3분기","주말","야간","남","3420663"
"2024","창원시 의창구","3분기","주말","야간","여","3382830"
"2024","창원시 의창구","3분기","주말","오전","여","3389459"
"2024","창원시 의창구","3분기","주말","오전","남","3407993"
"2024","창원시 의창구","3분기","주말","오후","여","3325615"
"2024","창원시 의창구","3분기","주말","오후","남","3373353"
"2024","창원시 의창구","4분기","평일","새벽","남","8764801"
"2024","창원시 의창구","4분기","평일","새벽","여","8605456"
"2024","창원시 의창구","4분기","평일","야간","남","8792659"
"2024","창원시 의창구","4분기","평일","야간","여","8667278"
"2024","창원시 의창구","4분기","평일","오전","남","8645439"
"2024","창원시 의창구","4분기","평일","오전","여","8661864"
"2024","창원시 의창구","4분기","평일","오후","남","8698012"
"2024","창원시 의창구","4분기","평일","오후","여","8699295"
"2024","창원시 의창구","4분기","주말","새벽","남","3441727"
"2024","창원시 의창구","4분기","주말","새벽","여","3393800"
"2024","창원시 의창구","4분기","주말","야간","여","3404892"
"2024","창원시 의창구","4분기","주말","야간","남","3461709"
"2024","창원시 의창구","4분기","주말","오전","여","3424296"
"2024","창원시 의창구","4분기","주말","오전","남","3467220"
"2024","창원시 의창구","4분기","주말","오후","여","3356240"
"2024","창원시 의창구","4분기","주말","오후","남","3433383"
"2024","창원시 진해구","1분기","평일","새벽","남","7100775"
"2024","창원시 진해구","1분기","평일","새벽","여","5831174"
"2024","창원시 진해구","1분기","평일","야간","남","7021580"
"2024","창원시 진해구","1분기","평일","야간","여","5760525"
"2024","창원시 진해구","1분기","평일","오전","여","5457524"
"2024","창원시 진해구","1분기","평일","오전","남","6629290"
"2024","창원시 진해구","1분기","평일","오후","남","6601054"
"2024","창원시 진해구","1분기","평일","오후","여","5362334"
"2024","창원시 진해구","1분기","주말","새벽","남","2812446"
"2024","창원시 진해구","1분기","주말","새벽","여","2343857"
"2024","창원시 진해구","1분기","주말","야간","남","2813358"
"2024","창원시 진해구","1분기","주말","야간","여","2331367"
"2024","창원시 진해구","1분기","주말","오전","남","2726451"
"2024","창원시 진해구","1분기","주말","오전","여","2272396"
"2024","창원시 진해구","1분기","주말","오후","남","2701260"
"2024","창원시 진해구","1분기","주말","오후","여","2229608"
"2024","창원시 진해구","2분기","평일","새벽","남","7203289"
"2024","창원시 진해구","2분기","평일","새벽","여","5784540"
"2024","창원시 진해구","2분기","평일","야간","남","7084508"
"2024","창원시 진해구","2분기","평일","야간","여","5705937"
"2024","창원시 진해구","2분기","평일","오전","남","6707450"
"2024","창원시 진해구","2분기","평일","오전","여","5391352"
"2024","창원시 진해구","2분기","평일","오후","남","6674152"
"2024","창원시 진해구","2분기","평일","오후","여","5287491"
"2024","창원시 진해구","2분기","주말","새벽","남","2833921"
"2024","창원시 진해구","2분기","주말","새벽","여","2312126"
"2024","창원시 진해구","2분기","주말","야간","남","2828634"
"2024","창원시 진해구","2분기","주말","야간","여","2278189"
"2024","창원시 진해구","2분기","주말","오전","남","2727586"
"2024","창원시 진해구","2분기","주말","오전","여","2218931"
"2024","창원시 진해구","2분기","주말","오후","남","2674477"
"2024","창원시 진해구","2분기","주말","오후","여","2142661"
"2024","창원시 진해구","3분기","평일","새벽","남","7246313"
"2024","창원시 진해구","3분기","평일","새벽","여","5832962"
"2024","창원시 진해구","3분기","평일","야간","남","7152018"
"2024","창원시 진해구","3분기","평일","야간","여","5741247"
"2024","창원시 진해구","3분기","평일","오전","남","6780646"
"2024","창원시 진해구","3분기","평일","오전","여","5443377"
"2024","창원시 진해구","3분기","평일","오후","남","6740654"
"2024","창원시 진해구","3분기","평일","오후","여","5316739"
"2024","창원시 진해구","3분기","주말","새벽","남","2854755"
"2024","창원시 진해구","3분기","주말","새벽","여","2331154"
"2024","창원시 진해구","3분기","주말","야간","남","2827173"
"2024","창원시 진해구","3분기","주말","야간","여","2292358"
"2024","창원시 진해구","3분기","주말","오전","남","2745908"
"2024","창원시 진해구","3분기","주말","오전","여","2238287"
"2024","창원시 진해구","3분기","주말","오후","남","2683493"
"2024","창원시 진해구","3분기","주말","오후","여","2153552"
"2024","창원시 진해구","4분기","평일","새벽","남","7285782"
"2024","창원시 진해구","4분기","평일","새벽","여","5826764"
"2024","창원시 진해구","4분기","평일","야간","남","7180377"
"2024","창원시 진해구","4분기","평일","야간","여","5735575"
"2024","창원시 진해구","4분기","평일","오전","여","5437828"
"2024","창원시 진해구","4분기","평일","오전","남","6787448"
"2024","창원시 진해구","4분기","평일","오후","남","6743686"
"2024","창원시 진해구","4분기","평일","오후","여","5305297"
"2024","창원시 진해구","4분기","주말","새벽","남","2861464"
"2024","창원시 진해구","4분기","주말","새벽","여","2320550"
"2024","창원시 진해구","4분기","주말","야간","남","2824630"
"2024","창원시 진해구","4분기","주말","야간","여","2282718"
"2024","창원시 진해구","4분기","주말","오전","남","2746845"
"2024","창원시 진해구","4분기","주말","오전","여","2222586"
"2024","창원시 진해구","4분기","주말","오후","남","2673206"
"2024","창원시 진해구","4분기","주말","오후","여","2129862"
"2024","통영시","1분기","평일","새벽","남","5487776"
"2024","통영시","1분기","평일","새벽","여","5103498"
"2024","통영시","1분기","평일","야간","남","5528591"
"2024","통영시","1분기","평일","야간","여","5140201"
"2024","통영시","1분기","평일","오전","남","5321041"
"2024","통영시","1분기","평일","오전","여","5080742"
"2024","통영시","1분기","평일","오후","남","5357255"
"2024","통영시","1분기","평일","오후","여","5114681"
"2024","통영시","1분기","주말","새벽","남","2314779"
"2024","통영시","1분기","주말","새벽","여","2142424"
"2024","통영시","1분기","주말","야간","남","2291034"
"2024","통영시","1분기","주말","야간","여","2120952"
"2024","통영시","1분기","주말","오전","남","2301964"
"2024","통영시","1분기","주말","오전","여","2137202"
"2024","통영시","1분기","주말","오후","남","2306745"
"2024","통영시","1분기","주말","오후","여","2150004"
"2024","통영시","2분기","평일","새벽","남","5413583"
"2024","통영시","2분기","평일","새벽","여","5037786"
"2024","통영시","2분기","평일","야간","남","5432664"
"2024","통영시","2분기","평일","야간","여","5066502"
"2024","통영시","2분기","평일","오전","남","5215171"
"2024","통영시","2분기","평일","오전","여","5020924"
"2024","통영시","2분기","평일","오후","남","5244950"
"2024","통영시","2분기","평일","오후","여","5048077"
"2024","통영시","2분기","주말","새벽","남","2320213"
"2024","통영시","2분기","주말","새벽","여","2130888"
"2024","통영시","2분기","주말","야간","여","2114447"
"2024","통영시","2분기","주말","야간","남","2275362"
"2024","통영시","2분기","주말","오전","남","2308131"
"2024","통영시","2분기","주말","오전","여","2142307"
"2024","통영시","2분기","주말","오후","여","2152825"
"2024","통영시","2분기","주말","오후","남","2301632"
"2024","통영시","3분기","평일","새벽","남","5545346"
"2024","통영시","3분기","평일","새벽","여","5170744"
"2024","통영시","3분기","평일","야간","남","5547377"
"2024","통영시","3분기","평일","야간","여","5179559"
"2024","통영시","3분기","평일","오전","남","5342709"
"2024","통영시","3분기","평일","오전","여","5135823"
"2024","통영시","3분기","평일","오후","남","5354702"
"2024","통영시","3분기","평일","오후","여","5144020"
"2024","통영시","3분기","주말","새벽","남","2347516"
"2024","통영시","3분기","주말","새벽","여","2149930"
"2024","통영시","3분기","주말","야간","남","2325863"
"2024","통영시","3분기","주말","야간","여","2150109"
"2024","통영시","3분기","주말","오전","남","2304870"
"2024","통영시","3분기","주말","오전","여","2144618"
"2024","통영시","3분기","주말","오후","남","2294626"
"2024","통영시","3분기","주말","오후","여","2142765"
"2024","통영시","4분기","평일","새벽","남","5355315"
"2024","통영시","4분기","평일","새벽","여","5020898"
"2024","통영시","4분기","평일","야간","남","5372552"
"2024","통영시","4분기","평일","야간","여","5049170"
"2024","통영시","4분기","평일","오전","남","5159677"
"2024","통영시","4분기","평일","오전","여","4995713"
"2024","통영시","4분기","평일","오후","남","5192475"
"2024","통영시","4분기","평일","오후","여","5023766"
"2024","통영시","4분기","주말","새벽","남","2295107"
"2024","통영시","4분기","주말","새벽","여","2114773"
"2024","통영시","4분기","주말","야간","남","2253045"
"2024","통영시","4분기","주말","야간","여","2089116"
"2024","통영시","4분기","주말","오전","남","2303414"
"2024","통영시","4분기","주말","오전","여","2120512"
"2024","통영시","4분기","주말","오후","남","2289800"
"2024","통영시","4분기","주말","오후","여","2121319"
"2024","하동군","1분기","평일","새벽","남","1416838"
"2024","하동군","1분기","평일","새벽","여","1375627"
"2024","하동군","1분기","평일","야간","남","1437125"
"2024","하동군","1분기","평일","야간","여","1392815"
"2024","하동군","1분기","평일","오전","남","1552954"
"2024","하동군","1분기","평일","오전","여","1454538"
"2024","하동군","1분기","평일","오후","남","1609722"
"2024","하동군","1분기","평일","오후","여","1519438"
"2024","하동군","1분기","주말","새벽","남","635984"
"2024","하동군","1분기","주말","새벽","여","634478"
"2024","하동군","1분기","주말","야간","남","616334"
"2024","하동군","1분기","주말","야간","여","610773"
"2024","하동군","1분기","주말","오전","남","697385"
"2024","하동군","1분기","주말","오전","여","699074"
"2024","하동군","1분기","주말","오후","남","725129"
"2024","하동군","1분기","주말","오후","여","733673"
"2024","하동군","2분기","평일","새벽","남","1412625"
"2024","하동군","2분기","평일","새벽","여","1379110"
"2024","하동군","2분기","평일","야간","남","1426375"
"2024","하동군","2분기","평일","야간","여","1390786"
"2024","하동군","2분기","평일","오전","남","1563013"
"2024","하동군","2분기","평일","오전","여","1464544"
"2024","하동군","2분기","평일","오후","남","1604724"
"2024","하동군","2분기","평일","오후","여","1513333"
"2024","하동군","2분기","주말","새벽","남","626007"
"2024","하동군","2분기","주말","새벽","여","628717"
"2024","하동군","2분기","주말","야간","남","622162"
"2024","하동군","2분기","주말","야간","여","622981"
"2024","하동군","2분기","주말","오전","여","682891"
"2024","하동군","2분기","주말","오전","남","687393"
"2024","하동군","2분기","주말","오후","여","716133"
"2024","하동군","2분기","주말","오후","남","710314"
"2024","하동군","3분기","평일","새벽","남","1472500"
"2024","하동군","3분기","평일","새벽","여","1432878"
"2024","하동군","3분기","평일","야간","남","1478648"
"2024","하동군","3분기","평일","야간","여","1430440"
"2024","하동군","3분기","평일","오전","남","1605987"
"2024","하동군","3분기","평일","오전","여","1493010"
"2024","하동군","3분기","평일","오후","남","1636138"
"2024","하동군","3분기","평일","오후","여","1522802"
"2024","하동군","3분기","주말","새벽","남","646432"
"2024","하동군","3분기","주말","새벽","여","634106"
"2024","하동군","3분기","주말","야간","남","645294"
"2024","하동군","3분기","주말","야간","여","632568"
"2024","하동군","3분기","주말","오전","남","702032"
"2024","하동군","3분기","주말","오전","여","674050"
"2024","하동군","3분기","주말","오후","남","719793"
"2024","하동군","3분기","주말","오후","여","700420"
"2024","하동군","4분기","평일","새벽","남","1384382"
"2024","하동군","4분기","평일","새벽","여","1328372"
"2024","하동군","4분기","평일","야간","남","1396418"
"2024","하동군","4분기","평일","야간","여","1337092"
"2024","하동군","4분기","평일","오전","남","1522061"
"2024","하동군","4분기","평일","오전","여","1392004"
"2024","하동군","4분기","평일","오후","남","1553993"
"2024","하동군","4분기","평일","오후","여","1427526"
"2024","하동군","4분기","주말","새벽","남","608568"
"2024","하동군","4분기","주말","새벽","여","603086"
"2024","하동군","4분기","주말","야간","남","597202"
"2024","하동군","4분기","주말","야간","여","585365"
"2024","하동군","4분기","주말","오전","남","663603"
"2024","하동군","4분기","주말","오전","여","647644"
"2024","하동군","4분기","주말","오후","남","681949"
"2024","하동군","4분기","주말","오후","여","672142"
"2024","함안군","1분기","평일","새벽","남","3317077"
"2024","함안군","1분기","평일","새벽","여","2654577"
"2024","함안군","1분기","평일","야간","남","3409437"
"2024","함안군","1분기","평일","야간","여","2678299"
"2024","함안군","1분기","평일","오전","남","4134132"
"2024","함안군","1분기","평일","오전","여","2868341"
"2024","함안군","1분기","평일","오후","남","4181311"
"2024","함안군","1분기","평일","오후","여","2894117"
"2024","함안군","1분기","주말","새벽","남","1311103"
"2024","함안군","1분기","주말","새벽","여","1088111"
"2024","함안군","1분기","주말","야간","남","1322591"
"2024","함안군","1분기","주말","야간","여","1105054"
"2024","함안군","1분기","주말","오전","남","1466418"
"2024","함안군","1분기","주말","오전","여","1172790"
"2024","함안군","1분기","주말","오후","남","1481190"
"2024","함안군","1분기","주말","오후","여","1200364"
"2024","함안군","2분기","평일","새벽","남","3323691"
"2024","함안군","2분기","평일","새벽","여","2634315"
"2024","함안군","2분기","평일","야간","남","3416125"
"2024","함안군","2분기","평일","야간","여","2665776"
"2024","함안군","2분기","평일","오전","여","2907185"
"2024","함안군","2분기","평일","오전","남","4236675"
"2024","함안군","2분기","평일","오후","남","4269856"
"2024","함안군","2분기","평일","오후","여","2942701"
"2024","함안군","2분기","주말","새벽","남","1309032"
"2024","함안군","2분기","주말","새벽","여","1074939"
"2024","함안군","2분기","주말","야간","남","1335267"
"2024","함안군","2분기","주말","야간","여","1111726"
"2024","함안군","2분기","주말","오전","남","1511319"
"2024","함안군","2분기","주말","오전","여","1201681"
"2024","함안군","2분기","주말","오후","남","1528069"
"2024","함안군","2분기","주말","오후","여","1243449"
"2024","함안군","3분기","평일","새벽","남","3365980"
"2024","함안군","3분기","평일","새벽","여","2658782"
"2024","함안군","3분기","평일","야간","남","3460280"
"2024","함안군","3분기","평일","야간","여","2682763"
"2024","함안군","3분기","평일","오전","남","4262357"
"2024","함안군","3분기","평일","오전","여","2912167"
"2024","함안군","3분기","평일","오후","여","2932196"
"2024","함안군","3분기","평일","오후","남","4300523"
"2024","함안군","3분기","주말","새벽","여","1072468"
"2024","함안군","3분기","주말","새벽","남","1314037"
"2024","함안군","3분기","주말","야간","남","1329595"
"2024","함안군","3분기","주말","야간","여","1097286"
"2024","함안군","3분기","주말","오전","남","1504596"
"2024","함안군","3분기","주말","오전","여","1173959"
"2024","함안군","3분기","주말","오후","남","1490566"
"2024","함안군","3분기","주말","오후","여","1186161"
"2024","함안군","4분기","평일","새벽","남","3352723"
"2024","함안군","4분기","평일","새벽","여","2614785"
"2024","함안군","4분기","평일","야간","남","3441600"
"2024","함안군","4분기","평일","야간","여","2639071"
"2024","함안군","4분기","평일","오전","여","2875064"
"2024","함안군","4분기","평일","오전","남","4280879"
"2024","함안군","4분기","평일","오후","남","4316104"
"2024","함안군","4분기","평일","오후","여","2891787"
"2024","함안군","4분기","주말","새벽","남","1306659"
"2024","함안군","4분기","주말","새벽","여","1063091"
"2024","함안군","4분기","주말","야간","남","1336409"
"2024","함안군","4분기","주말","야간","여","1100278"
"2024","함안군","4분기","주말","오전","남","1499911"
"2024","함안군","4분기","주말","오전","여","1176544"
"2024","함안군","4분기","주말","오후","남","1524791"
"2024","함안군","4분기","주말","오후","여","1222589"
"2024","함양군","1분기","평일","새벽","여","1653176"
"2024","함양군","1분기","평일","새벽","남","1694608"
"2024","함양군","1분기","평일","야간","남","1716988"
"2024","함양군","1분기","평일","야간","여","1666507"
"2024","함양군","1분기","평일","오전","남","1765363"
"2024","함양군","1분기","평일","오전","여","1678468"
"2024","함양군","1분기","평일","오후","남","1785497"
"2024","함양군","1분기","평일","오후","여","1686589"
"2024","함양군","1분기","주말","새벽","남","716242"
"2024","함양군","1분기","주말","새벽","여","711107"
"2024","함양군","1분기","주말","야간","여","700905"
"2024","함양군","1분기","주말","야간","남","707583"
"2024","함양군","1분기","주말","오전","남","750618"
"2024","함양군","1분기","주말","오전","여","736378"
"2024","함양군","1분기","주말","오후","남","752159"
"2024","함양군","1분기","주말","오후","여","733329"
"2024","함양군","2분기","평일","새벽","남","1712198"
"2024","함양군","2분기","평일","새벽","여","1665445"
"2024","함양군","2분기","평일","야간","남","1728664"
"2024","함양군","2분기","평일","야간","여","1677743"
"2024","함양군","2분기","평일","오전","남","1808750"
"2024","함양군","2분기","평일","오전","여","1716417"
"2024","함양군","2분기","평일","오후","남","1822857"
"2024","함양군","2분기","평일","오후","여","1727324"
"2024","함양군","2분기","주말","새벽","여","731791"
"2024","함양군","2분기","주말","새벽","남","734925"
"2024","함양군","2분기","주말","야간","남","736812"
"2024","함양군","2분기","주말","야간","여","731122"
"2024","함양군","2분기","주말","오전","남","789985"
"2024","함양군","2분기","주말","오전","여","778374"
"2024","함양군","2분기","주말","오후","남","795885"
"2024","함양군","2분기","주말","오후","여","784730"
"2024","함양군","3분기","평일","새벽","남","1777989"
"2024","함양군","3분기","평일","새벽","여","1733074"
"2024","함양군","3분기","평일","야간","남","1792271"
"2024","함양군","3분기","평일","야간","여","1739354"
"2024","함양군","3분기","평일","오전","여","1784633"
"2024","함양군","3분기","평일","오전","남","1870711"
"2024","함양군","3분기","평일","오후","남","1898751"
"2024","함양군","3분기","평일","오후","여","1808621"
"2024","함양군","3분기","주말","새벽","남","766849"
"2024","함양군","3분기","주말","새벽","여","748934"
"2024","함양군","3분기","주말","야간","여","750218"
"2024","함양군","3분기","주말","야간","남","768521"
"2024","함양군","3분기","주말","오전","남","840318"
"2024","함양군","3분기","주말","오전","여","809699"
"2024","함양군","3분기","주말","오후","남","859165"
"2024","함양군","3분기","주말","오후","여","830269"
"2024","함양군","4분기","평일","새벽","남","1650299"
"2024","함양군","4분기","평일","새벽","여","1621273"
"2024","함양군","4분기","평일","야간","남","1667993"
"2024","함양군","4분기","평일","야간","여","1638857"
"2024","함양군","4분기","평일","오전","남","1744570"
"2024","함양군","4분기","평일","오전","여","1673828"
"2024","함양군","4분기","평일","오후","남","1761478"
"2024","함양군","4분기","평일","오후","여","1691438"
"2024","함양군","4분기","주말","새벽","남","698873"
"2024","함양군","4분기","주말","새벽","여","704334"
"2024","함양군","4분기","주말","야간","남","697847"
"2024","함양군","4분기","주말","야간","여","697168"
"2024","함양군","4분기","주말","오전","남","756089"
"2024","함양군","4분기","주말","오전","여","755130"
"2024","함양군","4분기","주말","오후","남","760600"
"2024","함양군","4분기","주말","오후","여","757086"
"2024","합천군","1분기","평일","새벽","남","1742009"
"2024","합천군","1분기","평일","새벽","여","1565722"
"2024","합천군","1분기","평일","야간","남","1756240"
"2024","합천군","1분기","평일","야간","여","1568700"
"2024","합천군","1분기","평일","오전","남","1832589"
"2024","합천군","1분기","평일","오전","여","1590938"
"2024","합천군","1분기","평일","오후","남","1858118"
"2024","합천군","1분기","평일","오후","여","1603820"
"2024","합천군","1분기","주말","새벽","남","762702"
"2024","합천군","1분기","주말","새벽","여","700774"
"2024","합천군","1분기","주말","야간","남","732018"
"2024","합천군","1분기","주말","야간","여","673872"
"2024","합천군","1분기","주말","오전","여","730688"
"2024","합천군","1분기","주말","오전","남","811252"
"2024","합천군","1분기","주말","오후","여","740170"
"2024","합천군","1분기","주말","오후","남","817415"
"2024","합천군","2분기","평일","새벽","남","1804973"
"2024","합천군","2분기","평일","새벽","여","1608350"
"2024","합천군","2분기","평일","야간","남","1804309"
"2024","합천군","2분기","평일","야간","여","1602161"
"2024","합천군","2분기","평일","오전","남","1956459"
"2024","합천군","2분기","평일","오전","여","1694848"
"2024","합천군","2분기","평일","오후","남","1979388"
"2024","합천군","2분기","평일","오후","여","1722026"
"2024","합천군","2분기","주말","새벽","여","728718"
"2024","합천군","2분기","주말","새벽","남","792173"
"2024","합천군","2분기","주말","야간","여","724545"
"2024","합천군","2분기","주말","야간","남","785300"
"2024","합천군","2분기","주말","오전","여","801956"
"2024","합천군","2분기","주말","오전","남","877768"
"2024","합천군","2분기","주말","오후","남","896371"
"2024","합천군","2분기","주말","오후","여","831249"
"2024","합천군","3분기","평일","새벽","남","1810409"
"2024","합천군","3분기","평일","새벽","여","1608734"
"2024","합천군","3분기","평일","야간","남","1810434"
"2024","합천군","3분기","평일","야간","여","1603900"
"2024","합천군","3분기","평일","오전","남","1931532"
"2024","합천군","3분기","평일","오전","여","1653511"
"2024","합천군","3분기","평일","오후","남","1941601"
"2024","합천군","3분기","평일","오후","여","1664226"
"2024","합천군","3분기","주말","새벽","남","766187"
"2024","합천군","3분기","주말","새벽","여","693353"
"2024","합천군","3분기","주말","야간","여","695978"
"2024","합천군","3분기","주말","야간","남","769022"
"2024","합천군","3분기","주말","오전","여","733564"
"2024","합천군","3분기","주말","오전","남","839194"
"2024","합천군","3분기","주말","오후","남","839322"
"2024","합천군","3분기","주말","오후","여","749302"
"2024","합천군","4분기","평일","새벽","여","1511266"
"2024","합천군","4분기","평일","새벽","남","1697895"
"2024","합천군","4분기","평일","야간","남","1702458"
"2024","합천군","4분기","평일","야간","여","1515205"
"2024","합천군","4분기","평일","오전","남","1833536"
"2024","합천군","4분기","평일","오전","여","1576882"
"2024","합천군","4분기","평일","오후","여","1602162"
"2024","합천군","4분기","평일","오후","남","1853604"
"2024","합천군","4분기","주말","새벽","여","678040"
"2024","합천군","4분기","주말","새벽","남","731454"
"2024","합천군","4분기","주말","야간","여","659023"
"2024","합천군","4분기","주말","야간","남","714063"
"2024","합천군","4분기","주말","오전","남","810127"
"2024","합천군","4분기","주말","오전","여","739792"
"2024","합천군","4분기","주말","오후","여","769995"
"2024","합천군","4분기","주말","오후","남","829732"
