사업장명,지번주소,도로명주소,인허가일자,영업상태,상세영업상태,구분
거제랜드,경상남도 거제시 고현동 362번지 거제포로수용소유적공원 ,"경상남도 거제시 계룡로 61, 거제포로수용소유적공원 (고현동)",2019-05-03,영업/정상,영업중,일반유원시설업
쌍계사,경상남도 하동군 화개면 운수리 208 ,경상남도 하동군 화개면 쌍계사길 59,1988-06-10,영업/정상,,전통사찰
리틀비틀(죽림점),경상남도 통영시 광도면 죽림리 1575-7 알파문구 ,"경상남도 통영시 광도면 죽림2로 49-27, 알파문구 2층",2018-11-22,영업/정상,영업중,유원시설업(기타)
용원 트램플린 방방,경상남도 창원시 진해구 용원동 1211-1 ,"경상남도 창원시 진해구 안골로 348, 2층 202,203호 (용원동, 용원그랜드쇼핑)",2017-09-05,영업/정상,영업중,유원시설업(기타)
합천휴테마파크,경상남도 합천군 용주면 가호리 1180 ,경상남도 합천군 용주면 영상로 172,2020-12-14,영업/정상,영업중,유원시설업(기타)
롯데워터파크,경상남도 김해시 신문동 1417 ,경상남도 김해시 장유로 555 (신문동),2014-05-01,영업/정상,영업중,종합유원시설업
(주)타요키즈카페 롯데몰 진주점,경상남도 진주시 충무공동 35번지 ,"경상남도 진주시 동진로 440, 4층 (충무공동)",2016-09-26,영업/정상,영업중,유원시설업(기타)
낙동강남지유채마을협동조합,경상남도 창녕군 남지읍 남지리 663-7 ,경상남도 창녕군 남지읍 낙동로 483,2016-04-08,영업/정상,영업중,일반유원시설업
차타타진주점,경상남도 진주시 평거동 902번지 ,경상남도 진주시 순환로 541 (평거동),2016-03-21,영업/정상,영업중,유원시설업(기타)
야사노,경상남도 진주시 대안동 16-10번지 ,"경상남도 진주시 촉석로 189, 지하1층 (대안동)",2016-02-04,영업/정상,영업중,유원시설업(기타)
플레이방방,경상남도 진주시 상대동 300-80번지 4층 ,"경상남도 진주시 도동천로 84, 4층 (상대동)",2015-04-09,영업/정상,영업중,유원시설업(기타)
플레이방방,경상남도 진주시 신안동 439-8번지 ,경상남도 진주시 진양호로 352 (신안동),2014-08-21,영업/정상,영업중,유원시설업(기타)
노리파크 초전점,경상남도 진주시 초전동 1702-11번지 ,"경상남도 진주시 초북로20번길 30-12, 3~4층 (초전동)",2017-07-20,영업/정상,영업중,유원시설업(기타)
아이키키,경상남도 진주시 충무공동 289-4번지 ,"경상남도 진주시 에나로128번길 26, 10층 (충무공동)",2017-10-27,영업/정상,영업중,유원시설업(기타)
정글어드벤쳐,경상남도 진주시 판문동 97번지 ,"경상남도 진주시 판문로 155, 2층 (판문동)",2017-08-22,영업/정상,영업중,유원시설업(기타)
점프짱,경상남도 진주시 초전동 1704-7번지 ,경상남도 진주시 초북로20번길 27-3 (초전동),2016-09-08,영업/정상,영업중,유원시설업(기타)
펀스펀스,경상남도 진주시 평거동 908번지 ,"경상남도 진주시 새평거로 129, 3층 (평거동)",2019-01-11,영업/정상,영업중,유원시설업(기타)
주니어1234,경상남도 진주시 평거동 925번지 ,"경상남도 진주시 순환로 503, 201~203호 (평거동)",2019-07-08,영업/정상,영업중,유원시설업(기타)
키즈다쿵시즌2,경상남도 진주시 평거동 925번지 ,"경상남도 진주시 순환로 503, 204~209호 (평거동)",2019-07-08,영업/정상,영업중,유원시설업(기타)
아기코끼리,경상남도 통영시 광도면 죽림리 1570-17번지 ,경상남도 통영시 광도면 죽림4로 33,2019-04-01,영업/정상,영업중,유원시설업(기타)
키즈팡팡 무전점,경상남도 통영시 무전동 1028-6번지 신유빌딩 ,"경상남도 통영시 무전6길 16, 신유빌딩 301호 (무전동)",2018-06-12,영업/정상,영업중,유원시설업(기타)
플레이방방랜드,경상남도 통영시 광도면 죽림리 1577-4 동성프라자 101호,"경상남도 통영시 광도면 죽림1로 17-51, 동성프라자",2019-01-04,영업/정상,영업중,유원시설업(기타)
사천첨단항공우주과학관,경상남도 사천시 사남면 유천리 908 사천첨단항공우주과학관 ,"경상남도 사천시 사남면 공단1로 108, 사천첨단항공우주과학관",2019-02-01,영업/정상,영업중,유원시설업(기타)
롤리폴리 삼천포벌리점,경상남도 사천시 벌리동 270-3번지 ,경상남도 사천시 주공로 41 (벌리동),2015-03-23,영업/정상,영업중,유원시설업(기타)
롤리폴리,경상남도 사천시 정동면 고읍리 602-18 제이엠팰리스(2층) ,경상남도 사천시 정동면 진삼로 1378,2014-06-26,영업/정상,영업중,유원시설업(기타)
롤리폴리 사남점,경상남도 사천시 사남면 월성리 546-2번지 (2층) ,경상남도 사천시 사남면 조동길 50-10,2014-06-26,영업/정상,영업중,유원시설업(기타)
샤랄랄라 키즈카페,경상남도 김해시 삼계동 1502-2 삼성아동병원 3층 ,"경상남도 김해시 삼계중앙로 36, 삼성아동병원 3층 (삼계동)",2018-01-23,영업/정상,영업중,유원시설업(기타)
온가족 놀이터,경상남도 김해시 동상동 992-12번지 ,경상남도 김해시 분성로 337 (동상동),2016-11-07,영업/정상,영업중,유원시설업(기타)
야사노,경상남도 김해시 외동 1259-2번지 힐튼상가 401호,"경상남도 김해시 함박로119번길 23, 401호 (외동, 힐튼상가)",2016-09-08,영업/정상,영업중,유원시설업(기타)
마크원,경상남도 김해시 외동 1252-2번지 삼우빌딩 108호,"경상남도 김해시 함박로101번길 22, 108호 (외동, 삼우빌딩)",2016-08-17,영업/정상,영업중,유원시설업(기타)
헬로방방 김해율하,경상남도 김해시 율하동 1335-1번지 경보월드 ,"경상남도 김해시 율하2로97번길 22, 경보월드 7층 (율하동)",2018-02-12,영업/정상,영업중,유원시설업(기타)
스카이 봉봉장,경상남도 김해시 삼계동 1422-4 ,,2018-07-02,영업/정상,영업중,유원시설업(기타)
닥터밸런스 김해점,경상남도 김해시 신문동 1414번지 롯데아울렛신관 ,"경상남도 김해시 장유로 469, 롯데아울렛신관 4층 (신문동)",2018-05-01,영업/정상,영업중,유원시설업(기타)
장유스파랜드,경상남도 김해시 삼문동 562-12번지 ,"경상남도 김해시 대청로104번길 84, 장유스파랜드 (삼문동)",2018-08-23,영업/정상,영업중,유원시설업(기타)
더놀다 김해율하점,경상남도 김해시 율하동 1351-4 경원프라자 301호,"경상남도 김해시 율하3로 54, 경원프라자 3층 1호 (율하동)",2019-10-24,영업/정상,영업중,유원시설업(기타)
키즈팡팡 김해외동점,경상남도 김해시 외동 1253-3 경원빌딩 401호,"경상남도 김해시 함박로101번길 8, 경원빌딩 4층 (외동)",2019-07-15,영업/정상,영업중,유원시설업(기타)
잼팍어드벤쳐,경상남도 김해시 대청동 52-1번지 601~3호,"경상남도 김해시 번화1로79번길 26, 로젠잼팍빌딩 6층 (대청동)",2019-08-08,영업/정상,영업중,유원시설업(기타)
키즈박스,경상남도 김해시 주촌면 선지리 1016-2 402~4호,"경상남도 김해시 주촌면 선지로97번길 6, 에이스 프라자 4층 2~4호",2019-11-20,영업/정상,영업중,유원시설업(기타)
그린고속관광(주),경상남도 창원시 성산구 중앙동 101-1 경남오피스텔 1003호,"경상남도 창원시 성산구 중앙대로 37, 경남오피스텔 10층 1003호 (중앙동)",2010-09-14,영업/정상,영업중,시내순환관광업
주식회사 굿플레이,경상남도 김해시 외동 1264 신세계백화점 5층 ,"경상남도 김해시 김해대로 2232, 신세계백화점 5층 (외동)",2019-11-26,영업/정상,영업중,유원시설업(기타)
샤랄랄라 키즈카페,경상남도 김해시 부곡동 1159-3 베스트월드 501호,"경상남도 김해시 능동로155번길 10-21, 베스트월드 5층 501호 (부곡동)",2019-03-28,영업/정상,영업중,유원시설업(기타)
오렌지가족오락테마파크,경상남도 김해시 외동 1249-4번지 한국2차아파트 주상가동 지하201호,"경상남도 김해시 함박로 102, 주상가동 지하2층 201호 (외동, 한국2차아파트)",2019-03-15,영업/정상,영업중,유원시설업(기타)
아이스퀘어몰 김해점 챔피언,경상남도 김해시 부원동 1043번지 ,"경상남도 김해시 김해대로 2342, A202호 (부원동)",2018-10-12,영업/정상,영업중,유원시설업(기타)
J키즈카페,경상남도 김해시 동상동 745-1번지 ,"경상남도 김해시 호계로 488, 김해제일교회 (동상동)",2018-11-15,영업/정상,영업중,유원시설업(기타)
신세계백화점 김해점 리틀란드,경상남도 김해시 외동 1264번지 ,"경상남도 김해시 김해대로 2232, 신세계백화점 2층 (외동)",2018-10-02,영업/정상,영업중,유원시설업(기타)
샤랄라 키즈카페,경상남도 김해시 진영읍 여래리 970 ,"경상남도 김해시 진영읍 본산로 9, 우리마트 3층",2018-03-19,영업/정상,영업중,유원시설업(기타)
베니주니키즈카페,경상남도 김해시 진영읍 진영리 1612-4 10층 ,"경상남도 김해시 진영읍 김해대로361번길 16, 10층",2017-07-07,영업/정상,영업중,유원시설업(기타)
가온,경상남도 밀양시 산외면 다죽리 951 ,경상남도 밀양시 산외면 산외강변로 309,2019-11-28,영업/정상,영업중,유원시설업(기타)
우리동네놀이터,경상남도 밀양시 삼문동 735-10번지 ,경상남도 밀양시 미리벌로2길 37 (삼문동),2016-11-10,영업/정상,영업중,유원시설업(기타)
차타타,경상남도 밀양시 삼문동 738-6번지 ,"경상남도 밀양시 미리벌중앙로3길 30, 2층 (삼문동)",2017-08-10,영업/정상,영업중,유원시설업(기타)
샤랄랄라 키즈카페,"경상남도 밀양시 삼문동 715-6번지 지선빌딩 2층,3층 ",경상남도 밀양시 미리벌중앙로 74 (삼문동),2018-07-30,영업/정상,영업중,유원시설업(기타)
4D 맥스라이더(홈플러스 밀양점),경상남도 밀양시 내이동 1403-11번지 홈플러스 ,"경상남도 밀양시 점필재로 45, 홈플러스 (내이동)",2017-11-09,영업/정상,영업중,유원시설업(기타)
엄마랑놀자키즈글램핑,경상남도 밀양시 초동면 대곡리 245-3번지 ,경상남도 밀양시 초동면 초동중앙로 18,2019-08-19,영업/정상,영업중,유원시설업(기타)
애플키즈카페,경상남도 밀양시 내이동 1583-8번지 ,경상남도 밀양시 북성로4길 20 (내이동),2018-07-23,영업/정상,영업중,유원시설업(기타)
밀양189야영장,경상남도 밀양시 용평동 189-4번지 ,,2019-09-05,영업/정상,영업중,유원시설업(기타)
트램폴린파크,경상남도 거제시 고현동 399-2번지 하람빌딩 ,"경상남도 거제시 거제중앙로 1793, 하람빌딩 2층 (고현동)",2019-12-19,영업/정상,영업중,유원시설업(기타)
뽀로로 맘앤키즈카페 거제디큐브백화점,경상남도 거제시 장평동 1211번지 디큐브백화점 ,"경상남도 거제시 장평로 12, 디큐브백화점 8층 (장평동)",2019-04-26,영업/정상,영업중,유원시설업(기타)
수영하는 아기,경상남도 거제시 양정동 1096 거제2차 IPARK ,"경상남도 거제시 수양로 110, 601동 B201~3호 (양정동, 거제2차 IPARK)",2019-10-01,영업/정상,영업중,유원시설업(기타)
점핑스타 벽산점,경상남도 거제시 상동동 925-3번지 ,"경상남도 거제시 상동5길 115, 2동 4층 402~403호 (상동동)",2019-12-26,영업/정상,영업중,유원시설업(기타)
점핑스타 상동점,경상남도 거제시 상동동 476-16번지 ,"경상남도 거제시 계룡로 56, 2층 (상동동)",2019-12-12,영업/정상,영업중,유원시설업(기타)
라크씨엘,경상남도 거제시 수월동 1110-3번지 ,"경상남도 거제시 수양로 448-21, 세정빌딩 201호 (수월동)",2018-11-21,영업/정상,영업중,유원시설업(기타)
거제오션뷰카트장,경상남도 거제시 일운면 망치리 699번지 ,경상남도 거제시 일운면 거제대로 1514-18,2019-03-27,영업/정상,영업중,유원시설업(기타)
상문동 행복누림문화센터 놀이방,경상남도 거제시 상동동 167-11 ,"경상남도 거제시 거제중앙로 1641, 행복누림문화센터 2층 (상동동)",2019-03-27,영업/정상,영업중,유원시설업(기타)
라크씨엘 상동점,경상남도 거제시 상동동 910-16번지 ,"경상남도 거제시 상동5길 84, 3층 (상동동)",2019-04-11,영업/정상,영업중,유원시설업(기타)
슈슈봉봉 거제점,경상남도 거제시 고현동 989-13번지 해원빌딩 ,"경상남도 거제시 중곡1로 48, 해원빌딩 2층 (고현동)",2018-09-19,영업/정상,영업중,유원시설업(기타)
바운스,경상남도 거제시 장목면 농소리 25 ,"경상남도 거제시 장목면 거제북로 2501-40, 한화리조트거제벨버디어",2018-09-21,영업/정상,영업중,유원시설업(기타)
야사노(거제옥포점),경상남도 거제시 옥포동 420-2번지 ,"경상남도 거제시 옥포로10길 24-1, 2층 (옥포동)",2017-08-25,영업/정상,영업중,유원시설업(기타)
아지트,경상남도 거제시 덕포동 367-1 ,경상남도 거제시 덕포5길 26 (덕포동),2017-07-12,영업/정상,영업중,유원시설업(기타)
빠방 키즈레이싱 파크,경상남도 거제시 아주동 1692-5번지 ,"경상남도 거제시 아주1로 8, 3층 (아주동, 스타타워2차)",2017-04-04,영업/정상,영업중,유원시설업(기타)
인형뽑기(Toy clane),경상남도 거제시 아주동 1697-4번지 ,경상남도 거제시 아주1로 27 (아주동),2016-10-10,영업/정상,영업중,유원시설업(기타)
스타스페이스,경상남도 거제시 고현동 961-57번지 ,"경상남도 거제시 고현로11길 20 (고현동, 엠파크)",2016-12-16,영업/정상,영업중,유원시설업(기타)
노리파크 거제상동점,경상남도 거제시 상동동 735번지 상가동 지하101호,"경상남도 거제시 상동7길 30-1, 상가동 지하1층 101호 (상동동)",2014-08-07,영업/정상,영업중,유원시설업(기타)
롤리폴리(옥포점),경상남도 거제시 옥포동 1293-1번지 ,경상남도 거제시 옥포로 250 (옥포동),2014-09-11,영업/정상,영업중,유원시설업(기타)
차타타 거제장평점,경상남도 거제시 장평동 141-1번지 ,경상남도 거제시 장평4로 63 (장평동),2017-01-19,영업/정상,영업중,유원시설업(기타)
리틀히어로 ZOO,경상남도 양산시 물금읍 범어리 2710-1 유림노르웨이숲 ,"경상남도 양산시 물금읍 범구로 14, BG동 1호 (유림노르웨이숲)",2019-06-28,영업/정상,영업중,유원시설업(기타)
캠핑라운드 트램플린,경상남도 양산시 상북면 석계리 900-1 ,경상남도 양산시 상북면 구소석5길 20,2019-06-27,영업/정상,영업중,유원시설업(기타)
소석힐링캠핑장,경상남도 양산시 상북면 소석리 163번지 ,,2019-09-18,영업/정상,영업중,유원시설업(기타)
무릉도원,경상남도 양산시 원동면 영포리 702-2번지 ,경상남도 양산시 원동면 어영길 170,2019-09-02,영업/정상,영업중,유원시설업(기타)
탑게임랜드,경상남도 양산시 중부동 691-3번지 가가네양곱창 ,경상남도 양산시 양산역3길 14 (중부동),2019-07-17,영업/정상,영업중,유원시설업(기타)
잭슨나인스 양산,경상남도 양산시 물금읍 가촌리 1292 라피에스타 ,"경상남도 양산시 물금읍 증산역로 177, 지하1층 B-002, B-005호",2019-12-12,영업/정상,영업중,유원시설업(기타)
맥스라이더,경상남도 양산시 물금읍 가촌리 1292 라피에스타 ,"경상남도 양산시 물금읍 증산역로 177, 지하1층 B-008, B-009, B-010호",2019-05-09,영업/정상,영업중,유원시설업(기타)
히어로스포츠파크,경상남도 양산시 물금읍 범어리 2710-1 유림노르웨이숲 ,"경상남도 양산시 물금읍 범구로 14, BI동 1호 (유림노르웨이숲)",2019-05-03,영업/정상,영업중,유원시설업(기타)
코쿤키즈카페,경상남도 양산시 명동 ,경상남도 양산시 대운로 167 (명동),2017-05-10,영업/정상,영업중,유원시설업(기타)
판다월드,경상남도 양산시 북정동 432번지 ,"경상남도 양산시 북정중앙로 51 (북정동, 성서침례교회)",2017-01-25,영업/정상,영업중,유원시설업(기타)
(주)양산차타타,경상남도 양산시 명동 1080-5번지 ,"경상남도 양산시 대운로 174, 3층 (명동)",2016-09-28,영업/정상,영업중,유원시설업(기타)
킹콩점프,경상남도 양산시 물금읍 가촌리 1301-1번지 ,"경상남도 양산시 물금읍 야리로 106, 4층 (남양산새마을금고)",2016-09-05,영업/정상,영업중,유원시설업(기타)
쁘띠몽드,경상남도 양산시 물금읍 가촌리 1301-2번지 ,"경상남도 양산시 물금읍 서들로 148, 6층 605호",2016-07-22,영업/정상,영업중,유원시설업(기타)
점포러스,경상남도 양산시 평산동 120-4번지 ,경상남도 양산시 평산12길 19-9 (평산동),2014-06-23,영업/정상,영업중,유원시설업(기타)
(주)락스타클럽,경상남도 양산시 물금읍 가촌리 1293-9번지 ,경상남도 양산시 물금읍 야리2길 45,2018-05-14,영업/정상,영업중,유원시설업(기타)
궁디팡팡,경상남도 의령군 의령읍 서동리 484-5번지 ,"경상남도 의령군 의령읍 의병로 215, 3층 (의령농협서동지소)",2017-01-01,영업/정상,영업중,유원시설업(기타)
꼬마로맨스,경상남도 창녕군 남지읍 남지리 986-12 ,경상남도 창녕군 남지읍 남지중앙로 75,2018-08-28,영업/정상,영업중,유원시설업(기타)
햇살가득민박,경상남도 고성군 하이면 월흥리 726-1번지 ,경상남도 고성군 하이면 자란만로 767-19,2018-03-26,영업/정상,영업중,유원시설업(기타)
롤리폴리,경상남도 고성군 고성읍 동외리 181-8 ,"경상남도 고성군 고성읍 중앙로 108, 2층",2016-08-16,영업/정상,영업중,유원시설업(기타)
남해에어로마린(주),경상남도 남해군 서면 서상리 1182-9번지 ,경상남도 남해군 서면 스포츠파크길 73,2011-07-18,영업/정상,영업중,유원시설업(기타)
숲속정원관광농원,경상남도 산청군 신등면 모례리 756-5번지 숲속정원관광농원 ,"경상남도 산청군 신등면 정곡척지로 674, 숲속정원관광농원",2019-09-26,영업/정상,영업중,유원시설업(기타)
용추솔밭관광농원,경상남도 함양군 안의면 상원리 757-19 관광농원 ,"경상남도 함양군 안의면 용추계곡로 494-6, 관광농원",2019-11-12,영업/정상,영업중,유원시설업(기타)
점프스토리,경상남도 거창군 거창읍 대동리 699-1번지 선보프라자 201호,"경상남도 거창군 거창읍 거창대로 100, 201호 (선보프라자)",2014-09-05,영업/정상,영업중,유원시설업(기타)
(주) 사이다,경상남도 합천군 용주면 가호리 418 ,경상남도 합천군 용주면 합천호수로 757 (촬영세트),2017-10-10,영업/정상,영업중,유원시설업(기타)
꼬마대통령 창원상남점,경상남도 창원시 성산구 상남동 45-1 성원아파트 ,"경상남도 창원시 성산구 동산로 124, 성원종합상가 6층 607-1,2호 (상남동)",2020-01-08,영업/정상,영업중,유원시설업(기타)
더놀다 창원용호점,경상남도 창원시 성산구 용호동 73-1 레이크펄스 ,"경상남도 창원시 성산구 용지로169번길 15, 레이크펄스 701호 (용호동)",2019-01-29,영업/정상,영업중,유원시설업(기타)
뛰뛰방방,경상남도 창원시 진해구 여좌동 761-5번지 ,경상남도 창원시 진해구 충장로 121 (여좌동),2019-04-03,영업/정상,영업중,유원시설업(기타)
와우점핑,경상남도 창원시 진해구 이동 2-2번지 ,경상남도 창원시 진해구 진해대로776번길 27 (이동),2019-04-03,영업/정상,영업중,유원시설업(기타)
몬스터키즈,경상남도 창원시 진해구 풍호동 806-18 ,"경상남도 창원시 진해구 진해대로1047번길 8, 청해아트리움 1층 (풍호동)",2019-05-16,영업/정상,영업중,유원시설업(기타)
샤샤의 놀이터,경상남도 창원시 의창구 봉림동 713-4 ,"경상남도 창원시 의창구 대봉로 14, 두성빌딩 601호 (봉림동)",2019-05-13,영업/정상,영업중,유원시설업(기타)
타요키즈카페 홈플러스 창원점,경상남도 창원시 의창구 팔용동 30-3 삼성홈플러스 ,"경상남도 창원시 의창구 창원대로 415, 삼성홈플러스 4층 (팔용동)",2019-05-28,영업/정상,영업중,유원시설업(기타)
트리니티,경상남도 창원시 의창구 북면 감계리 236-1 ,"경상남도 창원시 의창구 북면 감계로110번길 54-7, 이엠프라자 6층",2019-05-08,영업/정상,영업중,유원시설업(기타)
큐리키즈카페,경상남도 창원시 진해구 자은동 136-1번지 자은스퀘어 ,"경상남도 창원시 진해구 냉천남로 3-10, 자은스퀘어 (자은동)",2019-05-03,영업/정상,영업중,유원시설업(기타)
샤랄랄라키즈카페,경상남도 창원시 성산구 가음동 47-2 ,"경상남도 창원시 성산구 가음로 100, 지하 1층 (가음동)",2018-10-30,영업/정상,영업중,유원시설업(기타)
점프노리 키즈카페 마산내서점,경상남도 창원시 마산회원구 내서읍 호계리 13-2번지 302호,"경상남도 창원시 마산회원구 내서읍 호원로 385, 302호 (상보빌딩)",2016-12-30,영업/정상,영업중,유원시설업(기타)
킹콩점프 마산이마트점,경상남도 창원시 마산합포구 신포동1가 2-10 신우희가로밀리온 601호,"경상남도 창원시 마산합포구 동서동3길 16, 지상6층 601호 (신포동1가, 신우희가로밀리온)",2017-12-12,영업/정상,영업중,유원시설업(기타)
샤랄랄라키즈카페,"경상남도 창원시 의창구 북면 감계리 234-3번지 MG빌딩,601 602호 ","경상남도 창원시 의창구 북면 감계로 306, MG빌딩 6층 601,602호",2017-12-11,영업/정상,영업중,유원시설업(기타)
롯데백화점 창원점 플레이타임,경상남도 창원시 성산구 상남동 80 롯데백화점창원점(신관) 7층호,"경상남도 창원시 성산구 상남로 121, 7층 (상남동, 롯데백화점창원점(신관))",2017-11-30,영업/정상,영업중,유원시설업(기타)
베베포레,경상남도 창원시 마산회원구 내서읍 삼계리 742번지 ,경상남도 창원시 마산회원구 내서읍 삼계로 141,2018-06-28,영업/정상,영업중,유원시설업(기타)
방방아,경상남도 창원시 마산회원구 양덕동 12-30번지 생명장한의원 ,"경상남도 창원시 마산회원구 양덕로 162, A동 3층 (양덕동)",2018-05-16,영업/정상,영업중,유원시설업(기타)
도토리 게임장,경상남도 창원시 진해구 석동 141-1 ,"경상남도 창원시 진해구 동진로61번길 16, 1층 (석동)",2018-02-12,영업/정상,영업중,유원시설업(기타)
킹콩점프 마산메트로시티점,경상남도 창원시 마산회원구 양덕동 51-31번지 금천빌딩 ,"경상남도 창원시 마산회원구 양덕로 120, 금천빌딩 3층 301호 (양덕동)",2018-01-31,영업/정상,영업중,유원시설업(기타)
꼬마대통령 마산양덕점,경상남도 창원시 마산회원구 양덕동 535 ,"경상남도 창원시 마산회원구 양덕서5길 15, 상가동 3층 301~309호 (양덕동, 양덕코오롱하늘채)",2017-02-24,영업/정상,영업중,유원시설업(기타)
꼬마대통령 마산삼계점,경상남도 창원시 마산회원구 내서읍 삼계리 26-6 ,"경상남도 창원시 마산회원구 내서읍 삼계로 12, 6층 601호",2017-02-10,영업/정상,영업중,유원시설업(기타)
헬로방방 창원현동점,경상남도 창원시 마산합포구 현동 374 7층 701호,"경상남도 창원시 마산합포구 현동로 56, 7층 701호 (현동)",2017-09-15,영업/정상,영업중,유원시설업(기타)
모리키즈카페,경상남도 창원시 성산구 가음동 7-2 더원빌딩 403호,"경상남도 창원시 성산구 가음정로43번길 3, 403,404,405호 (가음동, 더원빌딩)",2017-08-21,영업/정상,영업중,유원시설업(기타)
점핑 놀이터,경상남도 창원시 마산합포구 산호동 338-37 ,"경상남도 창원시 마산합포구 회원천북길 505, 2층 (산호동)",2017-06-20,영업/정상,영업중,유원시설업(기타)
야사노,경상남도 창원시 진해구 용원동 1212-16 ,"경상남도 창원시 진해구 용원서로39번길 18, 2층 (용원동, 바보형제쭈꾸미)",2017-05-30,영업/정상,영업중,유원시설업(기타)
팡팡노리,경상남도 창원시 마산회원구 내서읍 삼계리 27-2 ,"경상남도 창원시 마산회원구 내서읍 삼계로 2, 704호 (삼계웰빙프라자빌딩)",2014-04-17,영업/정상,영업중,유원시설업(기타)
라이트방방클럽,경상남도 창원시 마산합포구 교방동 511 ,"경상남도 창원시 마산합포구 교방시장2길 21, 3층 301,302호 (교방동, 교방프라자)",2014-04-11,영업/정상,영업중,유원시설업(기타)
우리동네 놀이터,경상남도 창원시 진해구 석동 142-2 ,"경상남도 창원시 진해구 동진로61번길 6, 1층 (석동)",2016-11-07,영업/정상,영업중,유원시설업(기타)
잡아잡아,경상남도 창원시 마산합포구 해운동 5-95 1층 105호,"경상남도 창원시 마산합포구 월영동2길 16, 1층 105호 (해운동, 해운프라자)",2016-10-07,영업/정상,영업중,유원시설업(기타)
야사노 창동점,경상남도 창원시 마산합포구 창동 137-2 ,"경상남도 창원시 마산합포구 동서북10길 64, 2층 (창동)",2016-08-31,영업/정상,영업중,유원시설업(기타)
키즈파크,경상남도 창원시 의창구 팔용동 30-1번지 ,"경상남도 창원시 의창구 창원대로397번길 6, 4층 (팔용동, 뉴코아아울렛)",2015-05-20,영업/정상,영업중,유원시설업(기타)
오네또해피랜드,경상남도 창원시 의창구 동읍 월잠리 95번지 ,경상남도 창원시 의창구 동읍 주남로184번길 6,2014-12-12,영업/정상,영업중,유원시설업(기타)
VR GAME,경상남도 창원시 마산합포구 구산면 반동리 산 121-1 ,"경상남도 창원시 마산합포구 구산면 로봇랜드로 250, 중심광장동 1층 카니발플라자호",2019-10-04,영업/정상,영업중,유원시설업(기타)
(주)잭슨나인스 창원,경상남도 창원시 의창구 북면 신촌리 1533-2 ,"경상남도 창원시 의창구 북면 신촌본포로 5-16, 305~311, 401, 405~408호",2019-09-06,영업/정상,영업중,유원시설업(기타)
밤비플린,경상남도 창원시 마산회원구 양덕동 149-20 메트로센텀 1동 1302호,"경상남도 창원시 마산회원구 용마로 130, 메트로센텀 1동 13층 1302호 (양덕동)",2019-06-25,영업/정상,영업중,유원시설업(기타)
자바게임랜드,경상남도 창원시 마산합포구 해운동 5-95 해운프라자 ,"경상남도 창원시 마산합포구 월영동2길 16, 해운프라자 1층 104호 (해운동)",2019-09-20,영업/정상,영업중,유원시설업(기타)
시크릿쥬쥬 콩순이 키즈카페,경상남도 창원시 성산구 대원동 121 더시티세븐 ,"경상남도 창원시 성산구 원이대로 320, 더시티세븐 S104호 (대원동)",2019-10-31,영업/정상,영업중,유원시설업(기타)
미니그라운드,경상남도 창원시 성산구 대방동 338-4 대풍빌딩 ,"경상남도 창원시 성산구 대암로 101, 대풍빌딩 3층 (대방동)",2019-03-25,영업/정상,영업중,유원시설업(기타)
남강레저산업(주),경상남도 진주시 내동면 독산리 576-5 ,경상남도 진주시 내동면 망경로 13,2014-09-05,영업/정상,영업중,일반유원시설업
스카이라인루지통영 주식회사,경상남도 통영시 도남동 ,"경상남도 통영시 발개로 178, 통영스카이라인루지 (도남동)",2017-02-08,영업/정상,영업중,일반유원시설업
김해가야테마파크,경상남도 김해시 어방동 993 ,경상남도 김해시 가야테마길 161 (어방동),2015-05-21,영업/정상,영업중,일반유원시설업
김해낙동강레일파크,경상남도 김해시 생림면 마사리 654-4 ,경상남도 김해시 생림면 마사로473번길 41,2016-04-22,영업/정상,영업중,일반유원시설업
김해랜드,경상남도 김해시 어방동 993 ,경상남도 김해시 가야테마길 161 (어방동),2016-05-11,영업/정상,영업중,일반유원시설업
안정사,경상남도 통영시 광도면 안정리 1888 ,경상남도 통영시 광도면 안정1길 363,1988-06-10,영업/정상,,전통사찰
한국엘에스레져,경상남도 김해시 신문동 1414 롯데아울렛 ,경상남도 김해시 장유로 469 (신문동),2017-10-27,영업/정상,영업중,일반유원시설업
황산공원 미니기차,경상남도 양산시 물금읍 물금리 172-2 황산공원 국민여가캠핑장 ,"경상남도 양산시 물금읍 낙동로 295-19, 황산공원 국민여가캠핑장",2018-11-01,영업/정상,영업중,일반유원시설업
타자고,경상남도 양산시 북정동 901-2 ,경상남도 양산시 삼성5길 21-6 (북정동),2017-06-14,영업/정상,영업중,일반유원시설업
당항포랜드,경상남도 고성군 회화면 봉동리 950-1 ,경상남도 고성군 회화면 당항만로 1116,2005-07-29,영업/정상,영업중,일반유원시설업
고성군 관광지사업소,경상남도 고성군 회화면 당항리 112-2 ,경상남도 고성군 회화면 당항만로 1116,2007-11-15,영업/정상,영업중,일반유원시설업
상주랜드,경상남도 남해군 상주면 상주리 1272-1번지 ,,2012-07-06,영업/정상,영업중,일반유원시설업
남해청소년수련원,경상남도 남해군 삼동면 금송리 119 ,경상남도 남해군 삼동면 동부대로 1542-35,2010-08-03,영업/정상,영업중,일반유원시설업
상주랜드,경상남도 남해군 상주면 상주리 1272-1번지 ,,2011-07-12,영업/정상,영업중,일반유원시설업
한국레포츠연맹,경상남도 남해군 상주면 상주리 588-1번지 ,경상남도 남해군 상주면 남해대로 651,2006-08-02,영업/정상,영업중,일반유원시설업
한려유스호스텔,경상남도 남해군 삼동면 금송리 119번지 ,경상남도 남해군 삼동면 동부대로 1542-35,2010-08-05,영업/정상,영업중,일반유원시설업
상주랜드,경상남도 남해군 상주면 상주리 1272-1번지 ,,2013-07-05,영업/정상,영업중,일반유원시설업
상주랜드,경상남도 남해군 상주면 상주리 1272-1번지 ,,2009-07-17,영업/정상,영업중,일반유원시설업
상주랜드,경상남도 남해군 상주면 상주리 1272-1번지 ,,2010-07-22,영업/정상,영업중,일반유원시설업
상주랜드,경상남도 남해군 상주면 상주리 1271-3번지 ,,2004-07-26,영업/정상,영업중,일반유원시설업
상주랜드,경상남도 남해군 상주면 상주리 1272-1번지 ,,2014-07-03,영업/정상,영업중,일반유원시설업
대성랜드,경기도 가평군 청평면 대성리 576번지 ,경기도 가평군 청평면 모꼬지로 76,2008-07-25,영업/정상,영업중,일반유원시설업
호박덩쿨 레일바이크,경상남도 하동군 북천면 직전리 1477-2 북천역 ,"경상남도 하동군 북천면 경서대로 2446-6, 북천역",2019-08-19,영업/정상,영업중,일반유원시설업
하동 알프스레포츠,경상남도 하동군 금남면 중평리 796 ,경상남도 하동군 금남면 경충로 493-37,2018-10-23,영업/정상,영업중,일반유원시설업
(주)옥종불소 유황천 워터파크,경상남도 하동군 옥종면 정수리 65-1번지 외2필지 ,경상남도 하동군 옥종면 세종태실로 581,2009-06-29,영업/정상,영업중,일반유원시설업
우두령펜션,경상남도 거창군 웅양면 산포리 707번지 ,경상남도 거창군 웅양면 어인안길 56-111,2012-10-23,영업/정상,영업중,일반유원시설업
스타 디스코팡팡,경상남도 창원시 마산회원구 합성동 126-29 지하1층 ,"경상남도 창원시 마산회원구 합성옛길 131, 지하1층 (합성동)",2014-06-03,영업/정상,영업중,일반유원시설업
상상체험 키즈월드,경상남도 창원시 의창구 대원동 123번지 창원컨벤션센터 ,"경상남도 창원시 의창구 원이대로 362, 창원컨벤션센터 제1,2 전시장 (대원동)",2019-12-20,영업/정상,영업중,일반유원시설업
청곡사,경상남도 진주시 금산면 갈전리 18번지 ,경상남도 진주시 금산면 월아산로1440번길 138,2003-04-11,영업/정상,지정,전통사찰
총림선원,경상남도 진주시 망경동 619번지 ,경상남도 진주시 망진산길 71 (망경동),2006-01-26,영업/정상,지정,전통사찰
응석사,경상남도 진주시 집현면 정평리 741번지 ,경상남도 진주시 집현면 응석로 435,2003-05-18,영업/정상,지정,전통사찰
성전암,경상남도 진주시 이반성면 장안리 산 31번지 ,,2003-05-18,영업/정상,지정,전통사찰
두방사,경상남도 진주시 문산읍 상문리 325번지 ,경상남도 진주시 문산읍 동부로781번길 267,2003-05-18,영업/정상,지정,전통사찰
호국사,경상남도 진주시 남성동 214-5번지 ,경상남도 진주시 남강로 626-71 (남성동),2003-05-18,영업/정상,지정,전통사찰
연화사,경상남도 진주시 옥봉동 449-1번지 ,경상남도 진주시 향교로42번길 13 (옥봉동),2003-05-18,영업/정상,지정,전통사찰
의곡사,경상남도 진주시 상봉동 415-1번지 ,경상남도 진주시 의곡길 72 (상봉동),2003-05-18,영업/정상,지정,전통사찰
안정사,경상남도 통영시 광도면 안정리 1888번지 ,경상남도 통영시 광도면 안정1길 363,1988-06-10,영업/정상,지정,전통사찰
용화사,경상남도 통영시 봉평동 404번지 ,경상남도 통영시 봉수로 107-82 (봉평동),1973-09-08,영업/정상,지정,전통사찰
다솔사,경상남도 사천시 곤명면 용산리 86번지 ,경상남도 사천시 곤명면 다솔사길 417,1988-06-10,영업/정상,지정,전통사찰
영구암,경상남도 김해시 삼방동 882-1번지 ,경상남도 김해시 신어산길 170 (삼방동),2003-05-20,영업/정상,지정,전통사찰
장유암,경상남도 김해시 대청동 1129번지 ,경상남도 김해시 대청계곡길 170-563 (대청동),1988-06-10,영업/정상,지정,전통사찰
모은암,경상남도 김해시 생림면 생철리 산 180번지 ,경상남도 김해시 생림면 마사로 36-228,2003-05-20,영업/정상,지정,전통사찰
구천암,경상남도 김해시 생림면 생철리 산 58-4번지 ,경상남도 김해시 생림면 마사로229번길 58-175,2003-05-20,영업/정상,지정,전통사찰
원명사,경상남도 김해시 대동면 초정리 208번지 ,경상남도 김해시 대동면 대동로529번길 83,2003-05-20,영업/정상,지정,전통사찰
백운암,경상남도 김해시 상동면 여차리 산 175번지 ,경상남도 김해시 상동면 여차로471번안길 16-133,1988-11-24,영업/정상,지정,전통사찰
해은사,경상남도 김해시 어방동 964번지 ,경상남도 김해시 가야로405번안길 210-162 (어방동),2003-05-21,영업/정상,지정,전통사찰
선지사,경상남도 김해시 주촌면 선지리 501번지 ,경상남도 김해시 주촌면 서부로1743번길 28,2007-02-01,영업/정상,지정,전통사찰
은하사,경상남도 김해시 삼방동 882번지 ,경상남도 김해시 신어산길 167 (삼방동),1988-06-10,영업/정상,지정,전통사찰
성조암,경상남도 김해시 삼정동 2번지 ,경상남도 김해시 활천로 121-57 (삼정동),1988-09-10,영업/정상,지정,전통사찰
흥부암,경상남도 김해시 외동 산 2번지 ,경상남도 김해시 전하로 269-74 (외동),1988-09-10,영업/정상,지정,전통사찰
무봉사,경상남도 밀양시 내일동 37번지 ,경상남도 밀양시 영남루1길 16-11  (내일동),1988-06-10,영업/정상,지정,전통사찰
만어사,경상남도 밀양시 삼랑진읍 용전리 4번지 ,경상남도 밀양시 삼랑진읍 만어로 776,1988-06-10,영업/정상,지정,전통사찰
석골사,경상남도 밀양시 산내면 원서리 454번지 ,경상남도 밀양시 산내면 원서3길 167,1988-06-10,영업/정상,지정,전통사찰
홍제사,경상남도 밀양시 무안면 무안리 901-4번지 ,경상남도 밀양시 무안면 동부동안길 4,1988-06-30,영업/정상,지정,전통사찰
대법사,경상남도 밀양시 무안면 중산리 1128번지 ,,1988-10-28,영업/정상,지정,전통사찰
용궁사,경상남도 밀양시 가곡동 692번지 ,,2013-02-25,영업/정상,지정,전통사찰
표충사,경상남도 밀양시 단장면 감물리 23번지 ,,1988-06-10,영업/정상,지정,전통사찰
세진암,경상남도 거제시 거제면 동상리 270-2번지 ,경상남도 거제시 거제면 동상3길 31-6,1973-09-08,영업/정상,지정,전통사찰
원효암,경상남도 양산시 상북면 대석리 산 1-1번지 ,,1997-08-14,영업/정상,지정,전통사찰
용화사,경상남도 양산시 물금읍 물금리 595번지 ,경상남도 양산시 물금읍 원동로 199-133,1973-11-21,영업/정상,지정,전통사찰
내원사,경상남도 양산시 하북면 용연리 291번지 ,경상남도 양산시 하북면 내원로 207,1973-10-10,영업/정상,지정,전통사찰
신흥사,경상남도 양산시 원동면 영포리 268번지 ,경상남도 양산시 원동면 원동로 2282-111,1973-10-08,영업/정상,지정,전통사찰
법천사,경상남도 양산시 동면 금산리 105번지 ,경상남도 양산시 동면 금산2길 210,2014-01-03,영업/정상,지정,전통사찰
홍룡사,경상남도 양산시 상북면 대석리 산 1번지 ,,1988-10-19,영업/정상,지정,전통사찰
통도사,경상남도 양산시 하북면 지산리 583번지 ,경상남도 양산시 하북면 통도사로 108,1962-12-14,영업/정상,지정,전통사찰
계원사,경상남도 양산시 중부동 74번지 ,경상남도 양산시 중앙우회로 66-64  (중부동),1974-04-20,영업/정상,지정,전통사찰
미타암,경상남도 양산시 소주동 171번지 ,경상남도 양산시 소주로 65  (소주동),1973-10-08,영업/정상,지정,전통사찰
백련암,경상남도 의령군 가례면 개승리 792번지 ,경상남도 의령군 가례면 자굴산로 1150-142,1988-06-10,영업/정상,지정,전통사찰
유학사,경상남도 의령군 부림면 묵방리 49번지 ,경상남도 의령군 부림면 여배로5길 2,1988-06-10,영업/정상,지정,전통사찰
수도사,경상남도 의령군 용덕면 이목리 636번지 ,경상남도 의령군 용덕면 덕암로 581-137,1988-06-10,영업/정상,지정,전통사찰
운암사,경상남도 의령군 부림면 경산리 837번지 ,경상남도 의령군 부림면 고루로 945-107,1988-06-10,영업/정상,지정,전통사찰
장춘사,경상남도 함안군 칠북면 영동리 14번지 ,경상남도 함안군 칠북면 북원로 110-1,1988-06-10,영업/정상,지정,전통사찰
원효암,경상남도 함안군 군북면 사촌리 산 70-1번지 ,경상남도 함안군 군북면 사촌4길 863,1988-09-10,영업/정상,지정,전통사찰
장춘사,경상남도 함안군 칠북면 영동리 14번지 ,경상남도 함안군 칠북면 북원로 110-1,1988-06-10,영업/정상,지정,전통사찰
청련사,경상남도 창녕군 계성면 사리 852번지 ,경상남도 창녕군 계성면 계성화왕산로 288-102,1988-06-10,영업/정상,지정,전통사찰
관룡사,경상남도 창녕군 창녕읍 옥천리 292번지 ,경상남도 창녕군 창녕읍 화왕산관룡사길 171,1988-06-10,영업/정상,지정,전통사찰
극락암,경상남도 창녕군 창녕읍 옥천리 397번지 ,경상남도 창녕군 창녕읍 새말길 142,1988-06-10,영업/정상,지정,전통사찰
법화암,경상남도 창녕군 영산면 구계리 1135-4번지 ,경상남도 창녕군 영산면 적지길 184,1988-06-10,영업/정상,지정,전통사찰
창녕포교당,경상남도 창녕군 창녕읍 말흘리 123-2번지 ,경상남도 창녕군 창녕읍 신당2길 4-3,1988-06-10,영업/정상,지정,전통사찰
도성암,경상남도 창녕군 창녕읍 송현리 8번지 ,경상남도 창녕군 창녕읍 자하곡길 147,1988-06-10,영업/정상,지정,전통사찰
석불사,경상남도 창녕군 창녕읍 말흘리 398-1번지 ,경상남도 창녕군 창녕읍 화왕산로 135-71,1988-06-30,영업/정상,지정,전통사찰
삼성암,경상남도 창녕군 계성면 사리 산 78번지 ,경상남도 창녕군 계성면 북암길 147,1988-06-10,영업/정상,지정,전통사찰
계승사,경상남도 고성군 영현면 대법리 17-1번지 ,경상남도 고성군 영현면 대법3길 236,2000-11-28,영업/정상,지정,전통사찰
문수암,경상남도 고성군 상리면 무선리 134번지 ,경상남도 고성군 상리면 무선2길 494,1988-06-10,영업/정상,지정,전통사찰
운흥사,경상남도 고성군 하이면 와룡리 442번지 ,경상남도 고성군 하이면 와룡2길 248-28,1988-06-10,영업/정상,지정,전통사찰
장의사,경상남도 고성군 거류면 신용리 1077번지 ,경상남도 고성군 거류면 신용9길 295,1988-06-10,영업/정상,지정,전통사찰
옥천사,경상남도 고성군 개천면 북평리 408번지 ,경상남도 고성군 개천면 연화산1로 471-9,1988-06-10,영업/정상,지정,전통사찰
용문사,경상남도 남해군 이동면 용소리 868번지 ,경상남도 남해군 이동면 용문사길 166-11,1988-06-10,영업/정상,지정,전통사찰
보리암,경상남도 남해군 상주면 상주리 2065번지 ,경상남도 남해군 상주면 보리암로 665,1988-06-10,영업/정상,지정,전통사찰
화방사,경상남도 남해군 고현면 대곡리 1448번지 ,경상남도 남해군 고현면 화방사길 128-6,2003-03-11,영업/정상,지정,전통사찰
운대암,경상남도 남해군 창선면 옥천리 1042번지 ,경상남도 남해군 창선면 창선로153번길 240,2003-03-11,영업/정상,지정,전통사찰
법흥사,경상남도 남해군 남해읍 북변리 595번지 ,경상남도 남해군 남해읍 망운로10번길 45-10,2003-03-11,영업/정상,지정,전통사찰
망운암,경상남도 남해군 남해읍 아산리 ,경상남도 남해군 남해읍 남서대로2240번길 708,2001-11-06,영업/정상,지정,전통사찰
학방사,경상남도 하동군 양보면 박달리 133-1번지 ,경상남도 하동군 양보면 상고개로 377-59,1974-07-26,영업/정상,지정,전통사찰
칠성사,경상남도 하동군 악양면 신흥리 3번지 ,경상남도 하동군 악양면 신흥길 121-120,2015-02-05,영업/정상,지정,전통사찰
양천암,경상남도 하동군 북천면 화정리 산 200번지 ,경상남도 하동군 북천면 상촌길 184-128,1991-12-16,영업/정상,지정,전통사찰
쌍계사,경상남도 하동군 화개면 운수리 207번지 ,경상남도 하동군 화개면 쌍계사길 59,1962-12-14,영업/정상,지정,전통사찰
칠불사,경상남도 하동군 화개면 범왕리 1605번지 ,경상남도 하동군 화개면 범왕길 528,1974-02-26,영업/정상,지정,전통사찰
한산사,경상남도 하동군 악양면 평사리 산 47번지 ,,1975-07-10,영업/정상,지정,전통사찰
정취암,경상남도 산청군 신등면 양전리 산 78번지 ,경상남도 산청군 신등면 둔철산로 675-87,2003-04-08,영업/정상,지정,전통사찰
내원사,경상남도 산청군 삼장면 대포리 583번지 ,경상남도 산청군 삼장면 대하내원로 256,2005-01-27,영업/정상,지정,전통사찰
심적사,경상남도 산청군 산청읍 내리 1127번지 ,경상남도 산청군 산청읍 웅석봉로 495,2004-05-18,영업/정상,지정,전통사찰
법계사,경상남도 산청군 시천면 중산리 873번지 ,경상남도 산청군 시천면 지리산대로 320-292,2008-01-15,영업/정상,지정,전통사찰
심적정사,경상남도 산청군 산청읍 지리 287번지 ,경상남도 산청군 산청읍 꽃봉산로133번길 15,2003-04-08,영업/정상,지정,전통사찰
율곡사,경상남도 산청군 신등면 율현리 1030번지 ,경상남도 산청군 신등면 율곡사길 182,2003-04-08,영업/정상,지정,전통사찰
대원사,경상남도 산청군 삼장면 유평리 2번지 ,경상남도 산청군 삼장면 평촌유평로 453,2003-04-08,영업/정상,지정,전통사찰
지곡사,경상남도 산청군 산청읍 내리 772-5번지 ,경상남도 산청군 산청읍 웅석봉로 396,1998-11-30,영업/정상,지정,전통사찰
용추사,경상남도 함양군 안의면 상원리 962번지 ,경상남도 함양군 안의면 용추계곡로 623,1973-11-03,영업/정상,지정,전통사찰
영각사,경상남도 함양군 서상면 상남리 1047번지 ,경상남도 함양군 서상면 덕유월성로 567,1973-11-03,영업/정상,지정,전통사찰
상연대,경상남도 함양군 백전면 백운리 산 78-1번지 ,경상남도 함양군 백전면 백운산길 3-291,1986-01-18,영업/정상,지정,전통사찰
금대암,경상남도 함양군 마천면 가흥리 17-1번지 ,경상남도 함양군 마천면 천왕봉로 1035-337,2003-03-26,영업/정상,지정,전통사찰
벽송사,경상남도 함양군 마천면 추성리 259번지 ,경상남도 함양군 마천면 광점길 27-177,1973-11-03,영업/정상,지정,전통사찰
영원사,경상남도 함양군 마천면 삼정리 953번지 ,경상남도 함양군 마천면 마천삼정로 544-644,2003-01-24,영업/정상,지정,전통사찰
보림사,경상남도 함양군 함양읍 운림리 289번지 ,경상남도 함양군 함양읍 운림1길 3-1,1975-04-10,영업/정상,지정,전통사찰
연수사,경상남도 거창군 남상면 무촌리 40-1번지 ,경상남도 거창군 남상면 연수사길 115-103,1988-06-10,영업/정상,지정,전통사찰
송계사,경상남도 거창군 북상면 소정리 1694번지 ,경상남도 거창군 북상면 송계사길 321,1988-06-10,영업/정상,지정,전통사찰
고견사,경상남도 거창군 가조면 수월리 1번지 ,경상남도 거창군 가조면 의상봉길 1049,1988-09-10,영업/정상,지정,전통사찰
금봉암,경상남도 거창군 고제면 봉산리 산 236-1번지 ,경상남도 거창군 고제면 용초길 310-428,1988-09-10,영업/정상,지정,전통사찰
해인사,경상남도 합천군 가야면 치인리 10번지 ,경상남도 합천군 가야면 해인사길 118-31,2002-12-24,영업/정상,지정,전통사찰
연호사,경상남도 합천군 합천읍 합천리 203번지 ,경상남도 합천군 합천읍 죽죽길 72-7,1973-11-03,영업/정상,지정,전통사찰
광산사,경상남도 창원시 마산회원구 내서읍 신감리 474번지 ,,1973-12-04,영업/정상,지정,전통사찰
정법사,경상남도 창원시 마산합포구 추산동 65-1번지 ,,1973-11-06,영업/정상,지정,전통사찰
의림사,경상남도 창원시 마산합포구 진북면 인곡리 439번지 ,,1982-07-21,영업/정상,지정,전통사찰
우곡사,경상남도 창원시 의창구 동읍 단계리 7번지 ,,1973-12-04,영업/정상,지정,전통사찰
불곡사,경상남도 창원시 성산구 대방동 1036번지 ,,1989-08-07,영업/정상,지정,전통사찰
성주사,경상남도 창원시 성산구 천선동 102번지 ,,1973-11-06,영업/정상,지정,전통사찰
성덕암,경상남도 창원시 마산합포구 추산동 산 1번지 ,,1988-09-10,영업/정상,지정,전통사찰
성흥사,경상남도 창원시 진해구 대장동 180번지 ,,1973-12-04,영업/정상,지정,전통사찰
성흥사,경상남도 창원시 진해구 대장동 180번지 ,경상남도 창원시 진해구 대장로 273 (대장동),1973-12-04,영업/정상,지정,전통사찰
제이씨락롤러장,경상남도 창원시 진해구 장천동 409-5 제이씨빌딩 701호,"경상남도 창원시 진해구 충장로657번길 38, 제이씨빌딩 701호 (장천동)",2020-03-04,영업/정상,영업중,유원시설업(기타)
보현박물관,경상남도 밀양시 단장면 고례리 1604번지 0호  1동 1호,"경상남도 밀양시 단장면 고례로 766-21, 1동 1층",2020-05-07,영업/정상,영업,"박물관, 미술관"
포로수용소유적박물관,경상남도 거제시 고현동 362번지  ,경상남도 거제시 계룡로 61 (고현동),2012-12-29,영업/정상,영업,"박물관, 미술관"
로봇랜드,경상남도 창원시 마산합포구 구산면 반동리 산 121-1 ,경상남도 창원시 마산합포구 구산면 로봇랜드로 250,2019-09-03,영업/정상,영업중,종합유원시설업
KIDS RUN,경상남도 김해시 외동 1264 신세계백화점 2층 ,"경상남도 김해시 김해대로 2232, 신세계백화점 2층 (외동)",2020-06-23,영업/정상,영업중,유원시설업(기타)
산삼주제관 ICT VR체험존,경상남도 함양군 함양읍 교산리 1043 ,"경상남도 함양군 함양읍 대맛길 107, 산삼주제관 2층",2020-07-17,영업/정상,영업중,유원시설업(기타)
덕산사,경상남도 산청군 삼장면 대포리 583 ,경상남도 산청군 삼장면 대하내원로 256,2005-02-16,영업/정상,,전통사찰
어메이징파크(주)함양,경상남도 함양군 함양읍 이은리 226-24 ,경상남도 함양군 함양읍 함양남서로 879,2022-06-13,영업/정상,영업중,유원시설업(기타)
소꿈,경상남도 창원시 마산합포구 교방동 385-25 ,경상남도 창원시 마산합포구 천하장사로 11 (교방동),2020-07-23,영업/정상,영업중,유원시설업(기타)
창원컨벤션센터,경상남도 창원시 성산구 대원동 123 ,경상남도 창원시 성산구 원이대로 362 (대원동),2006-08-01,영업/정상,영업중,국제회의시설업
마리나베이,경상남도 거제시 일운면 소동리 115 ,경상남도 거제시 일운면 거제대로 2660,2014-06-16,영업/정상,영업중,관광유람선업
서지농원,경상남도 산청군 시천면 반천리 산 65 서지관광농원 ,"경상남도 산청군 시천면 반천로 211-102, 서지관광농원",2020-05-11,영업/정상,영업중,유원시설업(기타)
게임파크(GAME PARK),경상남도 창원시 성산구 상남동 79 롯데백화점 3층 ,"경상남도 창원시 성산구 중앙대로 124, 롯데백화점 3층 (상남동)",2021-10-20,영업/정상,영업중,유원시설업(기타)
FUN RUN,경상남도 김해시 외동 1264 ,"경상남도 김해시 김해대로 2232, 신세계백화점 김해점 2층 (외동)",2020-11-10,영업/정상,영업중,유원시설업(기타)
양지생태마을캠핑장,경상남도 거창군 마리면 말흘리 83-1 ,경상남도 거창군 마리면 진산길 157,2022-06-16,영업/정상,영업중,유원시설업(기타)
한국궁중꽃박물관,경상남도 양산시 매곡동 823번지 0호  ,경상남도 양산시 매곡외산로 232-0 (매곡동),2009-01-05,영업/정상,영업,"박물관, 미술관"
외도조경식물원,경상남도 거제시 일운면 와현리 산 109번지  ,경상남도 거제시 일운면 외도길 17,2001-06-11,영업/정상,영업,"박물관, 미술관"
아케이드코리아,경상남도 김해시 외동 1421 이진캐스빌 2차 아파트(상가) 104동 103호,"경상남도 김해시 분성로 30, 이진캐스빌 2차 아파트(상가) 104동 103호 (외동)",2020-10-21,영업/정상,영업중,유원시설업(기타)
표충사호국박물관,경상남도 밀양시 단장면 구천리 23번지  ,경상남도 밀양시 단장면 표충로 1338,2002-11-25,영업/정상,영업,"박물관, 미술관"
성흥사,경상남도 창원시 진해구 대장동 180 ,경상남도 창원시 진해구 대장로 273 (대장동),1988-06-10,영업/정상,,전통사찰
주식회사 케이커머스,경상남도 창원시 성산구 중앙동 91 창원이마트 ,"경상남도 창원시 성산구 원이대로 608, 창원이마트 2층 (중앙동)",2020-10-27,영업/정상,영업중,유원시설업(기타)
벨르앙쥬,경상남도 거제시 아주동 695 ,"경상남도 거제시 용소1길 15, 302호 (아주동)",2020-11-02,영업/정상,영업중,유원시설업(기타)
정법사,경상남도 창원시 마산합포구 추산동 65 - 2 ,경상남도 창원시 마산합포구 몽고정길 46 (추산동),1973-11-06,영업/정상,,전통사찰
다이아몬드컨트리클럽(주),경상남도 양산시 상북면 상삼리 산 15 ,경상남도 양산시 상북면 공원로 305-391,2020-11-04,영업/정상,영업중,전문휴양업
흥부암,경상남도 김해시 외동 산 23 - 1 ,경상남도 김해시 전하로 269-74 (외동),1988-09-10,영업/정상,,전통사찰
점핑타임,경상남도 김해시 어방동 474-2 ,"경상남도 김해시 인제로 168, 정석빌딩 가동 7층 701호 (어방동)",2020-11-19,영업/정상,영업중,유원시설업(기타)
용추오토캠핑장,경상남도 함양군 안의면 상원리 757-8 용추오토캠핑장 관리사무소 ,"경상남도 함양군 안의면 용추계곡로 493, 용추오토캠핑장 관리사무소",2021-09-10,영업/정상,영업중,유원시설업(기타)
아이행복키움터,경상남도 창녕군 창녕읍 교리 1042-3 ,경상남도 창녕군 창녕읍 명덕로 22,2020-12-03,영업/정상,영업중,유원시설업(기타)
사천첨단항공우주과학관,경상남도 사천시 사남면 유천리 908 사천첨단항공우주과학관 ,"경상남도 사천시 사남면 공단1로 108, 사천첨단항공우주과학관",2022-07-21,영업/정상,영업중,일반유원시설업
꼬마대통령,경상남도 양산시 중부동 693-2 비젼플라자 ,"경상남도 양산시 삽량로 193, 비젼플라자 5층 (중부동)",2022-05-02,영업/정상,영업중,유원시설업(기타)
대한불교조계종 은하사,경상남도 김해시 삼방동 882 ,경상남도 김해시 신어산길 167 (삼방동),1988-06-10,영업/정상,,전통사찰
진북편백골관광농원캠핑장,"경상남도 창원시 마산합포구 진북면 금산리 437 (외 2번지, 283-1, 449-1) ",경상남도 창원시 마산합포구 진북면 금산길 209-81,2020-12-08,영업/정상,영업중,유원시설업(기타)
광산사,경상남도 마산시 내서읍 신감리 474 ,경상남도 창원시 마산회원구 내서읍 광려로 542,1988-06-10,영업/정상,,전통사찰
법화사,경상남도 창녕군 영산면 구계리 산 37 - 1 ,경상남도 창녕군 영산면 적지길 184-0,1988-06-10,영업/정상,,전통사찰
경상국립대학교박물관,경상남도 진주시 가좌동 900번지 0호  ,경상남도 진주시 진주대로 501-0 (가좌동),2000-11-20,영업/정상,영업,"박물관, 미술관"
고성군 씨름장 물놀이장,경상남도 고성군 고성읍 기월리 611 ,경상남도 고성군 고성읍 송학고분로 193,2020-07-31,영업/정상,영업중,유원시설업(기타)
대구보건대학교 보현박물관,경상남도 밀양시 단장면 고례리 1604번지 0호  ,"경상남도 밀양시 단장면 고례로 766-21, 1동",2021-01-05,영업/정상,영업,"박물관, 미술관"
도천희망나눔터 키즈카페,경상남도 통영시 도천동 998-3 도천동주민센터 이동민원실 ,"경상남도 통영시 통영해안로 147-7, 도천동주민센터 이동민원실 1층 (도천동)",2021-11-12,영업/정상,영업중,유원시설업(기타)
옥천사,경상남도 고성군 개천면 북평리 408 ,경상남도 고성군 개천면 연화산1로 471-9,1988-06-10,영업/정상,,전통사찰
대봉캠핑랜드,경상남도 함양군 병곡면 원산리 산 1-4 캠핑지원관 ,"경상남도 함양군 병곡면 원산지소길 192, 캠핑지원관",2021-12-22,영업/정상,영업중,전문휴양업
성조암,경상남도 김해시 삼정동 2 ,경상남도 김해시 활천로 121-57 (삼정동),1988-09-10,영업/정상,,전통사찰
꼬마대통령,경상남도 창원시 진해구 풍호동 805-5 ,"경상남도 창원시 진해구 천자로 389, 마린프라자 4층 (풍호동)",2020-09-21,영업/정상,영업중,유원시설업(기타)
(주)키즈몬스터,경상남도 김해시 장유동 840-4 ,"경상남도 김해시 율하숲길 21, 로하스디딤빌딩 4층 402호 (장유동)",2021-08-10,영업/정상,영업중,유원시설업(기타)
아이비오토캠핑장,경상남도 밀양시 산내면 원서리 676 ,,2021-11-15,영업/정상,영업중,유원시설업(기타)
(주)드림랜드 자연휴양림,경상남도 하동군 옥종면 종화리 538-6 ,경상남도 하동군 옥종면 옥단로 1443-347,2011-09-20,영업/정상,영업중,종합휴양업
원명사,경상남도 김해시 대동면 초정리 208 ,경상남도 김해시 대동면 대동로529번길 83,1988-10-25,영업/정상,,전통사찰
키즈다쿵&베이비테라스,경상남도 김해시 장유동 825-1 ,"경상남도 김해시 율하6로 62, 율하테라스 4층 (장유동)",2021-03-05,영업/정상,영업중,유원시설업(기타)
주식회사케이커머스,경상남도 김해시 외동 1264 이마트 김해점 2층 ,"경상남도 김해시 김해대로 2232, 이마트 김해점 2층 (외동)",2020-05-22,영업/정상,영업중,유원시설업(기타)
달빛고운병곡캠핑장,경상남도 거창군 북상면 병곡리 768-4 ,경상남도 거창군 북상면 병곡길 449,2022-06-29,영업/정상,영업중,유원시설업(기타)
(주)하나로고속관광,경상남도 창원시 의창구 용호동 73-61 ,경상남도 창원시 의창구 원이대로 581 (용호동),2010-12-24,영업/정상,영업중,시내순환관광업
가야랜드,경상남도 김해시 삼방동 산 123 ,경상남도 김해시 인제로 368 (삼방동),1991-10-05,영업/정상,영업중,종합유원시설업
오션 비스타 제주호,경상남도 사천시 향촌동 1287 ,경상남도 사천시 신항만1길 76 (향촌동),2021-03-26,영업/정상,영업중,관광유람선업
주식회사 지세포관광유람선,경상남도 거제시 일운면 지세포리 929-90 ,경상남도 거제시 일운면 지세포해안로 89-19,2015-08-20,영업/정상,영업중,관광유람선업
세진암,경상남도 거제시 거제면 동상리 270 - 1 ,경상남도 거제시 거제면 동상3길 31-6,1988-06-10,영업/정상,,전통사찰
옥천사성보박물관,경상남도 고성군 개천면 북평리 408번지  ,경상남도 고성군 개천면 연화산1로 471-9,2017-06-29,영업/정상,영업,"박물관, 미술관"
내원사,경상남도 양산시 하북면 용연리 291 ,경상남도 양산시 하북면 내원로 207,1988-06-10,영업/정상,,전통사찰
무봉사,경상남도 밀양시 내일동 37 ,경상남도 밀양시 영남루1길 16-11 (내일동),1988-06-10,영업/정상,,전통사찰
부경동물원,경상남도 김해시 유하동 88번지 ,경상남도 김해시 유하로 41 (유하동),2013-09-27,영업/정상,영업중,종합휴양업
부경동물원,경상남도 김해시 유하동 88 ,경상남도 김해시 유하로226번길 70 (유하동),2013-09-27,영업/정상,영업중,전문휴양업
안국사,경상남도 함양군 마천면 가흥리 1131 ,경상남도 함양군 마천면 천왕봉로 1035-337,2013-02-28,영업/정상,지정,전통사찰
4D입체체험관(양산신도시점),경상남도 양산시 중부동 691-17 남해해물탕조개구이 ,"경상남도 양산시 양산역6길 24, 남해해물탕조개구이 106호 (중부동)",2021-05-25,영업/정상,영업중,유원시설업(기타)
캠프포레,경상남도 양산시 원동면 선리 6 ,경상남도 양산시 원동면 청수골길 106,2020-06-22,영업/정상,영업중,유원시설업(기타)
모은암,경상남도 김해시 생림면 생철리 산 180 ,경상남도 김해시 생림면 마사로 36-228,1988-07-05,영업/정상,,전통사찰
지리산 대경 캠핑장,경상남도 산청군 시천면 동당리 577 덕산관광휴양지 ,"경상남도 산청군 시천면 지리산대로 855, 덕산관광휴양지",2022-04-01,영업/정상,영업중,유원시설업(기타)
꿈그린터,경상남도 하동군 하동읍 읍내리 457 ,경상남도 하동군 하동읍 청년회관길 8-21,2022-02-25,영업/정상,영업중,유원시설업(기타)
(주)키즈스테이호텔인부곡,경상남도 창녕군 부곡면 거문리 217-8 ,"경상남도 창녕군 부곡면 온천2길 48, 키즈스테이호텔 지하1층",2021-06-02,영업/정상,영업중,유원시설업(기타)
자람동산,경상남도 김해시 주촌면 선지리 479-1 ,경상남도 김해시 주촌면 동선길 38,2022-05-27,영업/정상,영업중,유원시설업(기타)
블루매직랜드,경상남도 거제시 일운면 지세포리 929-105 거제조선해양문화관 ,"경상남도 거제시 일운면 지세포해안로 25, 거제조선해양문화관",2021-06-07,영업/정상,영업중,유원시설업(기타)
천문대오토캠핑장,경상남도 김해시 생림면 나전리 30-6 ,경상남도 김해시 생림면 인제로 545-59,2021-06-09,영업/정상,영업중,유원시설업(기타)
극락암,경상남도 창녕군 창녕읍 옥천리 397 ,경상남도 창녕군 창녕읍 새말길 142,1988-06-10,영업/정상,,전통사찰
어메이징파크(주)함안,경상남도 함안군 산인면 입곡리 1087-2 ,경상남도 함안군 산인면 입곡공원길 224-71,2022-06-17,영업/정상,영업중,유원시설업(기타)
위더스글램핑,경상남도 창녕군 남지읍 반포리 627-1 ,"경상남도 창녕군 남지읍 박진로 627, 위더스글램핑",2022-06-20,영업/정상,영업중,유원시설업(기타)
(주)히어로플레이파크 진주점,경상남도 진주시 충무공동 277-7 ,"경상남도 진주시 충의로 119, 아슬란스포츠몰 3층 A311~A316호 (충무공동)",2021-06-22,영업/정상,영업중,유원시설업(기타)
밀양 가보자 캠핑장,경상남도 밀양시 단장면 법흥리 326-6 ,경상남도 밀양시 단장면 단장로 905,2021-06-25,영업/정상,영업중,유원시설업(기타)
봉스글램핑,경상남도 거창군 마리면 율리 345 ,경상남도 거창군 마리면 풍계1길 27-71,2021-08-10,영업/정상,영업중,유원시설업(기타)
펏스원,경상남도 창원시 마산합포구 구산면 반동리 산 105 중앙광장동 ,"경상남도 창원시 마산합포구 구산면 로봇랜드로 250, 중앙광장동",2021-08-12,영업/정상,영업중,유원시설업(기타)
남해스포츠파크호텔,경상남도 남해군 서면 서상리 1182-9 남해스포츠파크호텔 ,"경상남도 남해군 서면 스포츠파크길 73, 남해스포츠파크호텔",2020-07-01,영업/정상,영업중,유원시설업(기타)
거창서핑파크,경상남도 거창군 위천면 장기리 140 ,경상남도 거창군 위천면 거차1길 23-18,2021-11-12,영업/정상,영업중,유원시설업(기타)
고성장좌리캠핑장,경상남도 고성군 동해면 장좌리 944-1 ,경상남도 고성군 동해면 구절로 186-17,2021-12-03,영업/정상,영업중,유원시설업(기타)
와따플레이 양산점,경상남도 양산시 중부동 685-2 인터불고몰 ,"경상남도 양산시 중부로 2, 인터불고몰 7층 (중부동)",2021-12-13,영업/정상,영업중,유원시설업(기타)
스카이랜드,경상남도 김해시 진영읍 진영리 275-25 ,경상남도 김해시 진영읍 여래로20번길 57,2020-07-10,영업/정상,영업중,유원시설업(기타)
자양보 오토 캠핑장,경상남도 산청군 시천면 사리 258-8 ,경상남도 산청군 시천면 남명로 392-23,2022-02-04,영업/정상,영업중,유원시설업(기타)
주식회사 케이커머스2,경상남도 김해시 외동 1264 ,"경상남도 김해시 김해대로 2232, 이마트 1층 (외동)",2022-01-07,영업/정상,영업중,유원시설업(기타)
몬스터파크 주식회사 마산점,"경상남도 창원시 마산회원구 양덕동 151-1 삼성홈플러스, 5층 ","경상남도 창원시 마산회원구 삼호로 56, 삼성홈플러스 5층 (양덕동)",2021-12-30,영업/정상,영업중,유원시설업(기타)
용추솔밭관광농원,경상남도 함양군 안의면 상원리 757-19 관광농원 ,"경상남도 함양군 안의면 용추계곡로 494-6, 관광농원",2022-02-07,영업/정상,영업중,유원시설업(기타)
연호사,경상남도 합천군 합천읍 합천리 203 ,경상남도 합천군 합천읍 죽죽길 80,1988-06-10,영업/정상,,전통사찰
윌리코키 진주점,경상남도 진주시 충무공동 225-1 드림어반스퀘어 ,"경상남도 진주시 에나로127번길 30, 드림어반스퀘어 3층 (충무공동)",2022-03-10,영업/정상,영업중,유원시설업(기타)
함양라온캠핑장,경상남도 함양군 서하면 황산리 10-2 ,"경상남도 함양군 서하면 육십령로 2991, 황석산청소년수련원",2022-02-07,영업/정상,영업중,유원시설업(기타)
꿈그린터(키즈카페),경상남도 하동군 하동읍 읍내리 457 ,경상남도 하동군 하동읍 청년회관길 8-21,2022-02-25,영업/정상,영업중,유원시설업(기타)
(주)드윌,경상남도 함안군 산인면 모곡리 816 ,"경상남도 함안군 산인면 대천길 229, 드월연수원",2022-06-23,영업/정상,영업중,유원시설업(기타)
팔팔수산,경상남도 고성군 마암면 보전리 551-15 ,경상남도 고성군 마암면 당항만로 687,2022-06-24,영업/정상,영업중,유원시설업(기타)
의림사,경상남도 창원시 마산합포구 진북면 인곡리 439 ,경상남도 창원시 마산합포구 진북면 의림로 382,1988-06-10,영업/정상,,전통사찰
불곡사,경상남도 창원시 대방동 1036 - 1 ,경상남도 창원시 성산구 대암로 55 (대방동),1989-08-07,영업/정상,,전통사찰
호국사,경상남도 진주시 남성동 214 - 5 ,경상남도 진주시 남강로 626-71 (남성동),1988-09-10,영업/정상,,전통사찰
성주사,경상남도 창원시 천선동 102 ,경상남도 창원시 성산구 곰절길 191 (천선동),1988-06-10,영업/정상,,전통사찰
의곡사,경상남도 진주시 상봉동 415 - 1 ,경상남도 진주시 의곡길 72 (상봉동),1988-06-10,영업/정상,,전통사찰
우곡사,경상남도 창원시 의창구 동읍 단계리 7 ,경상남도 창원시 의창구 동읍 자여로 459,1973-12-04,영업/정상,,전통사찰
거창창포원 키즈카페,경상남도 거창군 남상면 월평리 2286 ,경상남도 거창군 남상면 창포원길 21-1,2020-03-23,영업/정상,영업중,유원시설업(기타)
